id,メールアドレス,姓,名,企業名,業種,セクター,緯度,経度,都道府県,市区町村,住所,所属部署,職種,役職,メールマガジン登録状況,最新のWeb,最新の資料DL,最新の参加イベント,HOT判定,HOT予測確率,persona,ペルソナ像,トークスクリプト
1,oubttopd@hkzuj.biz,藤田,弘幸,テルモ,精密機器,技術,35.68065,139.6798,東京都,渋谷区,幡ヶ谷2-44-1,経理部,管理会計担当,部長,登録済,ニュースリリース,チャットボット概算費用,チャットボット利活用,0,0.4283274551498306,0,【戦略的事業推進者】新技術の動向を見極め、中長期的な事業戦略を策定します。激変する市場環境下で新たな成長機会を探り、持続的な企業価値向上に貢献することを使命としています。グローバル競争と技術革新への適応が重要課題です。,"【提案の背景】: グローバル競争で効率的な協業を。
【提案するサービスの特徴】: 高品質なビデオ・音声会議を安定提供。画面共有、チャット、ホワイトボードなど豊富なコラボ機能が生産性を向上。堅牢なセキュリティとどこでも参加可能な柔軟性で、グローバル協業を強力に促進します。
【お客様へのメリット】: グローバルチームとの迅速な連携を強化し、意思決定を加速。移動コスト削減と生産性向上で、新たな成長機会を捉え、持続的な企業価値向上に貢献します。"
2,itdboy@khrqw.net,平野,善一,トヨタ自動車,自動車,技術,35.08861,137.15306,愛知県,豊田市,トヨタ町1番地,営業部,インサイドセールス担当,係長,登録済,企業情報,チャットボット紹介,DXセミナー,0,0.47444920241159844,0,【戦略的事業推進者】新技術の動向を見極め、中長期的な事業戦略を策定します。激変する市場環境下で新たな成長機会を探り、持続的な企業価値向上に貢献することを使命としています。グローバル競争と技術革新への適応が重要課題です。,"【提案の背景】: グローバル競争で効率的な協業を。
【提案するサービスの特徴】: 高品質なビデオ・音声会議を安定提供。画面共有、チャット、ホワイトボードなど豊富なコラボ機能が生産性を向上。堅牢なセキュリティとどこでも参加可能な柔軟性で、グローバル協業を強力に促進します。
【お客様へのメリット】: グローバルチームとの迅速な連携を強化し、意思決定を加速。移動コスト削減と生産性向上で、新たな成長機会を捉え、持続的な企業価値向上に貢献します。"
3,lhste117qa@myczel.xyz,小川,厚,コナミグループ,サービス,消費,35.67069,139.76342,東京都,中央区,銀座1-11-1,人事部,人事制度企画担当,部長,未登録,イベント情報,DLなし,外部ビジネスカンファレンス,1,0.9993408041219165,1,【データ駆動型マーケター】顧客エンゲージメント最大化のため、データに基づいたマーケティング施策の立案と実行を担う。業務効率化と成果向上に日々尽力し、市場変化への迅速な対応を目指す。,"【提案の背景】: 貴社の業務効率化と成果向上へ。
【提案するサービスの特徴】: 高品質なビデオと音声、安定した接続で円滑なコミュニケーションを実現。画面共有、録画、チャット、ブレイクアウトルームなど豊富な機能が効率的な会議を支援し、チームの生産性を向上させます。
【お客様へのメリット】: 高品質な会議でコミュニケーションが円滑になり、迅速な意思決定を支援。業務効率が大幅に向上し、データに基づいたマーケティング施策の立案と実行に集中でき、成果に直結します。"
4,sybxb690h@kxyvk.com,野口,誠治,ＺＯＺＯ,小売業,消費,35.62646,140.09848,千葉県,千葉市稲毛区,緑町1-15-5,総務部,購買担当,係長,未登録,ニュースリリース,チャットボット概算費用,年次カンファレンス,1,0.5231569760363937,0,【戦略的事業推進者】新技術の動向を見極め、中長期的な事業戦略を策定します。激変する市場環境下で新たな成長機会を探り、持続的な企業価値向上に貢献することを使命としています。グローバル競争と技術革新への適応が重要課題です。,"【提案の背景】: グローバル競争で効率的な協業を。
【提案するサービスの特徴】: 高品質なビデオ・音声会議を安定提供。画面共有、チャット、ホワイトボードなど豊富なコラボ機能が生産性を向上。堅牢なセキュリティとどこでも参加可能な柔軟性で、グローバル協業を強力に促進します。
【お客様へのメリット】: グローバルチームとの迅速な連携を強化し、意思決定を加速。移動コスト削減と生産性向上で、新たな成長機会を捉え、持続的な企業価値向上に貢献します。"
5,ailuggg@pwdju.xyz,坂本,光子,楽天グループ,サービス,消費,35.61113,139.62695,東京都,世田谷区,玉川1-14-1 楽天クリムゾンハウス,営業部,インサイドセールス担当,係長,未登録,企業情報,チャットボット事例,外部ビジネスカンファレンス,0,0.3135282548089713,1,【データ駆動型マーケター】顧客エンゲージメント最大化のため、データに基づいたマーケティング施策の立案と実行を担う。業務効率化と成果向上に日々尽力し、市場変化への迅速な対応を目指す。,"【提案の背景】: 貴社の業務効率化と成果向上へ。
【提案するサービスの特徴】: 高品質なビデオと音声、安定した接続で円滑なコミュニケーションを実現。画面共有、録画、チャット、ブレイクアウトルームなど豊富な機能が効率的な会議を支援し、チームの生産性を向上させます。
【お客様へのメリット】: 高品質な会議でコミュニケーションが円滑になり、迅速な意思決定を支援。業務効率が大幅に向上し、データに基づいたマーケティング施策の立案と実行に集中でき、成果に直結します。"
6,azkiafz@rhjt.org,野口,義行,中外製薬,医薬品,技術,35.68449,139.77121,東京都,中央区,日本橋室町2-1-1 日本橋三井タワー,技術部,品質管理担当,主任,登録済,イベント情報,チャットボット概算費用,DXセミナー,1,0.5306500677982883,0,【戦略的事業推進者】新技術の動向を見極め、中長期的な事業戦略を策定します。激変する市場環境下で新たな成長機会を探り、持続的な企業価値向上に貢献することを使命としています。グローバル競争と技術革新への適応が重要課題です。,"【提案の背景】: グローバル競争で効率的な協業を。
【提案するサービスの特徴】: 高品質なビデオ・音声会議を安定提供。画面共有、チャット、ホワイトボードなど豊富なコラボ機能が生産性を向上。堅牢なセキュリティとどこでも参加可能な柔軟性で、グローバル協業を強力に促進します。
【お客様へのメリット】: グローバルチームとの迅速な連携を強化し、意思決定を加速。移動コスト削減と生産性向上で、新たな成長機会を捉え、持続的な企業価値向上に貢献します。"
7,qhknk972@kyadub.xyz,木下,喜一郎,鹿島建設,建設,資本財・その他,35.67664,139.72911,東京都,港区,元赤坂1-3-1,技術部,設計担当,課長,登録済,チャットボット導入事例,チャットボット概算費用,DXセミナー,0,0.47451237081646624,1,【データ駆動型マーケター】顧客エンゲージメント最大化のため、データに基づいたマーケティング施策の立案と実行を担う。業務効率化と成果向上に日々尽力し、市場変化への迅速な対応を目指す。,"【提案の背景】: 貴社の業務効率化と成果向上へ。
【提案するサービスの特徴】: 高品質なビデオと音声、安定した接続で円滑なコミュニケーションを実現。画面共有、録画、チャット、ブレイクアウトルームなど豊富な機能が効率的な会議を支援し、チームの生産性を向上させます。
【お客様へのメリット】: 高品質な会議でコミュニケーションが円滑になり、迅速な意思決定を支援。業務効率が大幅に向上し、データに基づいたマーケティング施策の立案と実行に集中でき、成果に直結します。"
8,zzvkrdv@cwjghv.org,中山,崇,トレンドマイクロ,サービス,消費,35.68482,139.69904,東京都,渋谷区,代々木2-1-1 新宿マインズタワー,マーケティング部,マーケティング運営担当,主任,未登録,チャットボット製品機能説明,DLなし,外部ビジネスカンファレンス,0,0.43748688384742085,1,【データ駆動型マーケター】顧客エンゲージメント最大化のため、データに基づいたマーケティング施策の立案と実行を担う。業務効率化と成果向上に日々尽力し、市場変化への迅速な対応を目指す。,"【提案の背景】: 貴社の業務効率化と成果向上へ。
【提案するサービスの特徴】: 高品質なビデオと音声、安定した接続で円滑なコミュニケーションを実現。画面共有、録画、チャット、ブレイクアウトルームなど豊富な機能が効率的な会議を支援し、チームの生産性を向上させます。
【お客様へのメリット】: 高品質な会議でコミュニケーションが円滑になり、迅速な意思決定を支援。業務効率が大幅に向上し、データに基づいたマーケティング施策の立案と実行に集中でき、成果に直結します。"
9,jepjt580g@wxlqa.net,村上,公一,日本電信電話,通信,技術,35.68822,139.76611,東京都,千代田区,大手町1-5-1 大手町ファーストスクエアウエストタワー,人事部,人事制度企画担当,主任,登録解除,イベント情報,チャットボット事例,DXセミナー,1,0.9992024113750103,0,【戦略的事業推進者】新技術の動向を見極め、中長期的な事業戦略を策定します。激変する市場環境下で新たな成長機会を探り、持続的な企業価値向上に貢献することを使命としています。グローバル競争と技術革新への適応が重要課題です。,"【提案の背景】: グローバル競争で効率的な協業を。
【提案するサービスの特徴】: 高品質なビデオ・音声会議を安定提供。画面共有、チャット、ホワイトボードなど豊富なコラボ機能が生産性を向上。堅牢なセキュリティとどこでも参加可能な柔軟性で、グローバル協業を強力に促進します。
【お客様へのメリット】: グローバルチームとの迅速な連携を強化し、意思決定を加速。移動コスト削減と生産性向上で、新たな成長機会を捉え、持続的な企業価値向上に貢献します。"
10,gjwxp814@yuatl.com,坂本,進一,日野自動車,自動車,技術,35.67978,139.38793,東京都,日野市,日野台1-7-1,経営企画部,経営戦略担当,本部長,登録済,企業情報,チャットボット事例,年次カンファレンス,1,0.9996697038065606,0,【戦略的事業推進者】新技術の動向を見極め、中長期的な事業戦略を策定します。激変する市場環境下で新たな成長機会を探り、持続的な企業価値向上に貢献することを使命としています。グローバル競争と技術革新への適応が重要課題です。,"【提案の背景】: グローバル競争で効率的な協業を。
【提案するサービスの特徴】: 高品質なビデオ・音声会議を安定提供。画面共有、チャット、ホワイトボードなど豊富なコラボ機能が生産性を向上。堅牢なセキュリティとどこでも参加可能な柔軟性で、グローバル協業を強力に促進します。
【お客様へのメリット】: グローバルチームとの迅速な連携を強化し、意思決定を加速。移動コスト削減と生産性向上で、新たな成長機会を捉え、持続的な企業価値向上に貢献します。"
11,sjpamqb@caxiet.info,吉田,敏幸,ソフトバンクグループ,通信,技術,35.66986,139.74903,東京都,港区,虎ノ門1-9-10,経営企画部,経営企画スタッフ,部長,未登録,企業情報,チャットボット概算費用,外部ビジネスカンファレンス,0,0.4682002418191649,0,【戦略的事業推進者】新技術の動向を見極め、中長期的な事業戦略を策定します。激変する市場環境下で新たな成長機会を探り、持続的な企業価値向上に貢献することを使命としています。グローバル競争と技術革新への適応が重要課題です。,"【提案の背景】: グローバル競争で効率的な協業を。
【提案するサービスの特徴】: 高品質なビデオ・音声会議を安定提供。画面共有、チャット、ホワイトボードなど豊富なコラボ機能が生産性を向上。堅牢なセキュリティとどこでも参加可能な柔軟性で、グローバル協業を強力に促進します。
【お客様へのメリット】: グローバルチームとの迅速な連携を強化し、意思決定を加速。移動コスト削減と生産性向上で、新たな成長機会を捉え、持続的な企業価値向上に貢献します。"
12,xlcmn178r@wmno.net,長谷川,治男,バンダイナムコホールディングス,その他製造,資本財・その他,35.64736,139.74836,東京都,港区,芝5-37-8,経営企画部,経営企画スタッフ,係長,未登録,チャットボット問い合わせ,DLなし,外部ビジネスカンファレンス,0,0.4964327966397218,1,【データ駆動型マーケター】顧客エンゲージメント最大化のため、データに基づいたマーケティング施策の立案と実行を担う。業務効率化と成果向上に日々尽力し、市場変化への迅速な対応を目指す。,"【提案の背景】: 貴社の業務効率化と成果向上へ。
【提案するサービスの特徴】: 高品質なビデオと音声、安定した接続で円滑なコミュニケーションを実現。画面共有、録画、チャット、ブレイクアウトルームなど豊富な機能が効率的な会議を支援し、チームの生産性を向上させます。
【お客様へのメリット】: 高品質な会議でコミュニケーションが円滑になり、迅速な意思決定を支援。業務効率が大幅に向上し、データに基づいたマーケティング施策の立案と実行に集中でき、成果に直結します。"
13,vuzaopr@oxrvzh.org,藤田,貞男,日本碍子,窯業,素材,35.13289,136.93121,愛知県,名古屋市瑞穂区,須田町2-56,マーケティング部,マーケティング運営担当,主任,未登録,チャットボット導入事例,チャットボット概算費用,外部ビジネスカンファレンス,1,0.5292465490949159,1,【データ駆動型マーケター】顧客エンゲージメント最大化のため、データに基づいたマーケティング施策の立案と実行を担う。業務効率化と成果向上に日々尽力し、市場変化への迅速な対応を目指す。,"【提案の背景】: 貴社の業務効率化と成果向上へ。
【提案するサービスの特徴】: 高品質なビデオと音声、安定した接続で円滑なコミュニケーションを実現。画面共有、録画、チャット、ブレイクアウトルームなど豊富な機能が効率的な会議を支援し、チームの生産性を向上させます。
【お客様へのメリット】: 高品質な会議でコミュニケーションが円滑になり、迅速な意思決定を支援。業務効率が大幅に向上し、データに基づいたマーケティング施策の立案と実行に集中でき、成果に直結します。"
14,tkvkqnwm@tmhn.org,森,千秋,清水建設,建設,資本財・その他,35.67756,139.77121,東京都,中央区,京橋2-16-1,マーケティング部,マーケティング運営担当,主任,未登録,企業情報,チャットボット概算費用,年次カンファレンス,1,0.5374348048209102,1,【データ駆動型マーケター】顧客エンゲージメント最大化のため、データに基づいたマーケティング施策の立案と実行を担う。業務効率化と成果向上に日々尽力し、市場変化への迅速な対応を目指す。,"【提案の背景】: 貴社の業務効率化と成果向上へ。
【提案するサービスの特徴】: 高品質なビデオと音声、安定した接続で円滑なコミュニケーションを実現。画面共有、録画、チャット、ブレイクアウトルームなど豊富な機能が効率的な会議を支援し、チームの生産性を向上させます。
【お客様へのメリット】: 高品質な会議でコミュニケーションが円滑になり、迅速な意思決定を支援。業務効率が大幅に向上し、データに基づいたマーケティング施策の立案と実行に集中でき、成果に直結します。"
15,gegze817s@eoznvb.com,野口,保男,旭化成,化学,素材,35.67384,139.76127,東京都,千代田区,有楽町1-1-2 日比谷三井タワー,人事部,採用担当,主任,登録解除,企業情報,チャットボット紹介,DXセミナー,1,0.9993369897787254,1,【データ駆動型マーケター】顧客エンゲージメント最大化のため、データに基づいたマーケティング施策の立案と実行を担う。業務効率化と成果向上に日々尽力し、市場変化への迅速な対応を目指す。,"【提案の背景】: 貴社の業務効率化と成果向上へ。
【提案するサービスの特徴】: 高品質なビデオと音声、安定した接続で円滑なコミュニケーションを実現。画面共有、録画、チャット、ブレイクアウトルームなど豊富な機能が効率的な会議を支援し、チームの生産性を向上させます。
【お客様へのメリット】: 高品質な会議でコミュニケーションが円滑になり、迅速な意思決定を支援。業務効率が大幅に向上し、データに基づいたマーケティング施策の立案と実行に集中でき、成果に直結します。"
16,qxvjxav@wmstlt.biz,森田,謙一,日本電気,電気機器,技術,35.64736,139.74836,東京都,港区,芝5-7-1,技術部,テクニカルサポート,本部長,登録済,企業情報,チャットボット紹介,DXセミナー,1,0.9996238323319212,0,【戦略的事業推進者】新技術の動向を見極め、中長期的な事業戦略を策定します。激変する市場環境下で新たな成長機会を探り、持続的な企業価値向上に貢献することを使命としています。グローバル競争と技術革新への適応が重要課題です。,"【提案の背景】: グローバル競争で効率的な協業を。
【提案するサービスの特徴】: 高品質なビデオ・音声会議を安定提供。画面共有、チャット、ホワイトボードなど豊富なコラボ機能が生産性を向上。堅牢なセキュリティとどこでも参加可能な柔軟性で、グローバル協業を強力に促進します。
【お客様へのメリット】: グローバルチームとの迅速な連携を強化し、意思決定を加速。移動コスト削減と生産性向上で、新たな成長機会を捉え、持続的な企業価値向上に貢献します。"
17,zrinoor@fcey.biz,松田,和之,イオン,小売業,消費,35.64259,140.09848,千葉県,千葉市美浜区,中瀬1-5-1,技術部,テクニカルサポート,本部長,登録解除,ニュースリリース,チャットボット紹介,年次カンファレンス,1,0.9995844171621432,1,【データ駆動型マーケター】顧客エンゲージメント最大化のため、データに基づいたマーケティング施策の立案と実行を担う。業務効率化と成果向上に日々尽力し、市場変化への迅速な対応を目指す。,"【提案の背景】: 貴社の業務効率化と成果向上へ。
【提案するサービスの特徴】: 高品質なビデオと音声、安定した接続で円滑なコミュニケーションを実現。画面共有、録画、チャット、ブレイクアウトルームなど豊富な機能が効率的な会議を支援し、チームの生産性を向上させます。
【お客様へのメリット】: 高品質な会議でコミュニケーションが円滑になり、迅速な意思決定を支援。業務効率が大幅に向上し、データに基づいたマーケティング施策の立案と実行に集中でき、成果に直結します。"
18,mfgcgf@kzicdr.xyz,太田,崇,マツダ,自動車,技術,34.38531,132.50294,広島県,安芸郡府中町,新地3-1,経営企画部,経営戦略担当,本部長,登録解除,ニュースリリース,チャットボット紹介,年次カンファレンス,1,0.9996554324277092,0,【戦略的事業推進者】新技術の動向を見極め、中長期的な事業戦略を策定します。激変する市場環境下で新たな成長機会を探り、持続的な企業価値向上に貢献することを使命としています。グローバル競争と技術革新への適応が重要課題です。,"【提案の背景】: グローバル競争で効率的な協業を。
【提案するサービスの特徴】: 高品質なビデオ・音声会議を安定提供。画面共有、チャット、ホワイトボードなど豊富なコラボ機能が生産性を向上。堅牢なセキュリティとどこでも参加可能な柔軟性で、グローバル協業を強力に促進します。
【お客様へのメリット】: グローバルチームとの迅速な連携を強化し、意思決定を加速。移動コスト削減と生産性向上で、新たな成長機会を捉え、持続的な企業価値向上に貢献します。"
19,bqqxu323@gyjwan.com,野村,美代子,日産自動車,自動車,技術,35.46333,139.6225,神奈川県,横浜市西区,高島1-1-1,技術部,設計担当,課長,登録解除,ニュースリリース,チャットボット事例,DXセミナー,1,0.5361472887797181,0,【戦略的事業推進者】新技術の動向を見極め、中長期的な事業戦略を策定します。激変する市場環境下で新たな成長機会を探り、持続的な企業価値向上に貢献することを使命としています。グローバル競争と技術革新への適応が重要課題です。,"【提案の背景】: グローバル競争で効率的な協業を。
【提案するサービスの特徴】: 高品質なビデオ・音声会議を安定提供。画面共有、チャット、ホワイトボードなど豊富なコラボ機能が生産性を向上。堅牢なセキュリティとどこでも参加可能な柔軟性で、グローバル協業を強力に促進します。
【お客様へのメリット】: グローバルチームとの迅速な連携を強化し、意思決定を加速。移動コスト削減と生産性向上で、新たな成長機会を捉え、持続的な企業価値向上に貢献します。"
20,tyjiasax@kerkpz.info,村田,美代子,キリンホールディングス,食品,消費,35.70685,139.66442,東京都,中野区,中野4-10-2 中野セントラルパークサウス,研究開発部,研究員,主任,登録解除,ニュースリリース,チャットボット紹介,外部ビジネスカンファレンス,1,0.5256875540243181,1,【データ駆動型マーケター】顧客エンゲージメント最大化のため、データに基づいたマーケティング施策の立案と実行を担う。業務効率化と成果向上に日々尽力し、市場変化への迅速な対応を目指す。,"【提案の背景】: 貴社の業務効率化と成果向上へ。
【提案するサービスの特徴】: 高品質なビデオと音声、安定した接続で円滑なコミュニケーションを実現。画面共有、録画、チャット、ブレイクアウトルームなど豊富な機能が効率的な会議を支援し、チームの生産性を向上させます。
【お客様へのメリット】: 高品質な会議でコミュニケーションが円滑になり、迅速な意思決定を支援。業務効率が大幅に向上し、データに基づいたマーケティング施策の立案と実行に集中でき、成果に直結します。"
21,rmtgf548r@hdeo.info,竹内,利光,京王電鉄,鉄道・バス,運輸・公共,35.63223,139.44498,東京都,多摩市,関戸1-11-1 京王聖蹟桜ヶ丘ショッピングセンターA館,経理部,管理会計担当,主任,登録解除,イベント情報,DLなし,DXセミナー,1,0.5271419620783709,1,【データ駆動型マーケター】顧客エンゲージメント最大化のため、データに基づいたマーケティング施策の立案と実行を担う。業務効率化と成果向上に日々尽力し、市場変化への迅速な対応を目指す。,"【提案の背景】: 貴社の業務効率化と成果向上へ。
【提案するサービスの特徴】: 高品質なビデオと音声、安定した接続で円滑なコミュニケーションを実現。画面共有、録画、チャット、ブレイクアウトルームなど豊富な機能が効率的な会議を支援し、チームの生産性を向上させます。
【お客様へのメリット】: 高品質な会議でコミュニケーションが円滑になり、迅速な意思決定を支援。業務効率が大幅に向上し、データに基づいたマーケティング施策の立案と実行に集中でき、成果に直結します。"
22,ucqorkhc@eiqj.org,上野,光義,鹿島建設,建設,資本財・その他,35.67664,139.72911,東京都,港区,元赤坂1-3-1,人事部,社員研修担当,係長,登録済,企業情報,チャットボット概算費用,外部ビジネスカンファレンス,1,0.9994454059160267,1,【データ駆動型マーケター】顧客エンゲージメント最大化のため、データに基づいたマーケティング施策の立案と実行を担う。業務効率化と成果向上に日々尽力し、市場変化への迅速な対応を目指す。,"【提案の背景】: 貴社の業務効率化と成果向上へ。
【提案するサービスの特徴】: 高品質なビデオと音声、安定した接続で円滑なコミュニケーションを実現。画面共有、録画、チャット、ブレイクアウトルームなど豊富な機能が効率的な会議を支援し、チームの生産性を向上させます。
【お客様へのメリット】: 高品質な会議でコミュニケーションが円滑になり、迅速な意思決定を支援。業務効率が大幅に向上し、データに基づいたマーケティング施策の立案と実行に集中でき、成果に直結します。"
23,zpgdp005@mkfa.xyz,藤本,利光,小松製作所,機械,資本財・その他,35.67297,139.73812,東京都,港区,赤坂2-3-6,マーケティング部,マーケティング企画担当,主任,登録済,チャットボット製品機能説明,チャットボット紹介,DXセミナー,0,0.35276522189264214,1,【データ駆動型マーケター】顧客エンゲージメント最大化のため、データに基づいたマーケティング施策の立案と実行を担う。業務効率化と成果向上に日々尽力し、市場変化への迅速な対応を目指す。,"【提案の背景】: 貴社の業務効率化と成果向上へ。
【提案するサービスの特徴】: 高品質なビデオと音声、安定した接続で円滑なコミュニケーションを実現。画面共有、録画、チャット、ブレイクアウトルームなど豊富な機能が効率的な会議を支援し、チームの生産性を向上させます。
【お客様へのメリット】: 高品質な会議でコミュニケーションが円滑になり、迅速な意思決定を支援。業務効率が大幅に向上し、データに基づいたマーケティング施策の立案と実行に集中でき、成果に直結します。"
24,vglkh525q@qsdwmv.net,酒井,敏幸,旭化成,化学,素材,35.67384,139.76127,東京都,千代田区,有楽町1-1-2 日比谷三井タワー,営業部,営業企画担当,係長,登録解除,チャットボット問い合わせ,チャットボット紹介,年次カンファレンス,1,0.646837924240219,1,【データ駆動型マーケター】顧客エンゲージメント最大化のため、データに基づいたマーケティング施策の立案と実行を担う。業務効率化と成果向上に日々尽力し、市場変化への迅速な対応を目指す。,"【提案の背景】: 貴社の業務効率化と成果向上へ。
【提案するサービスの特徴】: 高品質なビデオと音声、安定した接続で円滑なコミュニケーションを実現。画面共有、録画、チャット、ブレイクアウトルームなど豊富な機能が効率的な会議を支援し、チームの生産性を向上させます。
【お客様へのメリット】: 高品質な会議でコミュニケーションが円滑になり、迅速な意思決定を支援。業務効率が大幅に向上し、データに基づいたマーケティング施策の立案と実行に集中でき、成果に直結します。"
25,qdgvu220ak@hzxke.biz,渡辺,保男,伊藤忠商事,商社,素材,35.6775,139.71831,東京都,港区,北青山2-5-1,経理部,管理会計担当,課長,登録解除,チャットボット製品機能説明,チャットボット事例,チャットボット利活用,0,0.47891168617048274,1,【データ駆動型マーケター】顧客エンゲージメント最大化のため、データに基づいたマーケティング施策の立案と実行を担う。業務効率化と成果向上に日々尽力し、市場変化への迅速な対応を目指す。,"【提案の背景】: 貴社の業務効率化と成果向上へ。
【提案するサービスの特徴】: 高品質なビデオと音声、安定した接続で円滑なコミュニケーションを実現。画面共有、録画、チャット、ブレイクアウトルームなど豊富な機能が効率的な会議を支援し、チームの生産性を向上させます。
【お客様へのメリット】: 高品質な会議でコミュニケーションが円滑になり、迅速な意思決定を支援。業務効率が大幅に向上し、データに基づいたマーケティング施策の立案と実行に集中でき、成果に直結します。"
26,lrvmo803j@fzggn.net,小島,孝二,ソフトバンクグループ,通信,技術,35.66986,139.74903,東京都,港区,虎ノ門1-9-10,経営企画部,経営戦略担当,次長,登録済,チャットボット製品機能説明,チャットボット事例,DXセミナー,0,0.48996812830825365,0,【戦略的事業推進者】新技術の動向を見極め、中長期的な事業戦略を策定します。激変する市場環境下で新たな成長機会を探り、持続的な企業価値向上に貢献することを使命としています。グローバル競争と技術革新への適応が重要課題です。,"【提案の背景】: グローバル競争で効率的な協業を。
【提案するサービスの特徴】: 高品質なビデオ・音声会議を安定提供。画面共有、チャット、ホワイトボードなど豊富なコラボ機能が生産性を向上。堅牢なセキュリティとどこでも参加可能な柔軟性で、グローバル協業を強力に促進します。
【お客様へのメリット】: グローバルチームとの迅速な連携を強化し、意思決定を加速。移動コスト削減と生産性向上で、新たな成長機会を捉え、持続的な企業価値向上に貢献します。"
27,lawdik@riyz.xyz,小野,政義,Ｊ．フロントリテイリング,小売業,消費,35.66723,139.76342,東京都,中央区,銀座6-10-1 GINZA SIX,広報部,制作担当,本部長,登録解除,チャットボット問い合わせ,チャットボット事例,DXセミナー,1,0.9995304590766001,0,【戦略的事業推進者】新技術の動向を見極め、中長期的な事業戦略を策定します。激変する市場環境下で新たな成長機会を探り、持続的な企業価値向上に貢献することを使命としています。グローバル競争と技術革新への適応が重要課題です。,"【提案の背景】: グローバル競争で効率的な協業を。
【提案するサービスの特徴】: 高品質なビデオ・音声会議を安定提供。画面共有、チャット、ホワイトボードなど豊富なコラボ機能が生産性を向上。堅牢なセキュリティとどこでも参加可能な柔軟性で、グローバル協業を強力に促進します。
【お客様へのメリット】: グローバルチームとの迅速な連携を強化し、意思決定を加速。移動コスト削減と生産性向上で、新たな成長機会を捉え、持続的な企業価値向上に貢献します。"
28,tgnao712d@bnnigq.xyz,田村,啓二,アルプスアルパイン,電気機器,技術,35.59013,139.69904,東京都,大田区,雪谷大塚町1-7,営業部,インサイドセールス担当,本部長,登録済,チャットボット問い合わせ,チャットボット概算費用,DXセミナー,1,0.9996134062112172,0,【戦略的事業推進者】新技術の動向を見極め、中長期的な事業戦略を策定します。激変する市場環境下で新たな成長機会を探り、持続的な企業価値向上に貢献することを使命としています。グローバル競争と技術革新への適応が重要課題です。,"【提案の背景】: グローバル競争で効率的な協業を。
【提案するサービスの特徴】: 高品質なビデオ・音声会議を安定提供。画面共有、チャット、ホワイトボードなど豊富なコラボ機能が生産性を向上。堅牢なセキュリティとどこでも参加可能な柔軟性で、グローバル協業を強力に促進します。
【お客様へのメリット】: グローバルチームとの迅速な連携を強化し、意思決定を加速。移動コスト削減と生産性向上で、新たな成長機会を捉え、持続的な企業価値向上に貢献します。"
29,jkiid147@ojzw.xyz,青木,幹男,中外製薬,医薬品,技術,35.68449,139.77121,東京都,中央区,日本橋室町2-1-1 日本橋三井タワー,経営企画部,経営企画スタッフ,係長,登録解除,チャットボット問い合わせ,チャットボット概算費用,チャットボット利活用,1,0.5184250728196557,0,【戦略的事業推進者】新技術の動向を見極め、中長期的な事業戦略を策定します。激変する市場環境下で新たな成長機会を探り、持続的な企業価値向上に貢献することを使命としています。グローバル競争と技術革新への適応が重要課題です。,"【提案の背景】: グローバル競争で効率的な協業を。
【提案するサービスの特徴】: 高品質なビデオ・音声会議を安定提供。画面共有、チャット、ホワイトボードなど豊富なコラボ機能が生産性を向上。堅牢なセキュリティとどこでも参加可能な柔軟性で、グローバル協業を強力に促進します。
【お客様へのメリット】: グローバルチームとの迅速な連携を強化し、意思決定を加速。移動コスト削減と生産性向上で、新たな成長機会を捉え、持続的な企業価値向上に貢献します。"
30,nhdws988k@gqxo.xyz,池田,正文,日立建機,機械,資本財・その他,35.70889,139.78201,東京都,台東区,東上野2-16-1 上野イーストタワー,経理部,経理スタッフ,主任,登録済,IR情報,チャットボット概算費用,外部ビジネスカンファレンス,0,0.4898279918504811,1,【データ駆動型マーケター】顧客エンゲージメント最大化のため、データに基づいたマーケティング施策の立案と実行を担う。業務効率化と成果向上に日々尽力し、市場変化への迅速な対応を目指す。,"【提案の背景】: 貴社の業務効率化と成果向上へ。
【提案するサービスの特徴】: 高品質なビデオと音声、安定した接続で円滑なコミュニケーションを実現。画面共有、録画、チャット、ブレイクアウトルームなど豊富な機能が効率的な会議を支援し、チームの生産性を向上させます。
【お客様へのメリット】: 高品質な会議でコミュニケーションが円滑になり、迅速な意思決定を支援。業務効率が大幅に向上し、データに基づいたマーケティング施策の立案と実行に集中でき、成果に直結します。"
31,atybf132gk@mipbq.xyz,松本,政義,ＬＩＮＥヤフー,サービス,消費,35.68536,139.73812,東京都,千代田区,紀尾井町1-3 東京ガーデンテラス紀尾井町,研究開発部,研究員,部長,登録済,チャットボット問い合わせ,チャットボット紹介,年次カンファレンス,0,0.4369866415144523,1,【データ駆動型マーケター】顧客エンゲージメント最大化のため、データに基づいたマーケティング施策の立案と実行を担う。業務効率化と成果向上に日々尽力し、市場変化への迅速な対応を目指す。,"【提案の背景】: 貴社の業務効率化と成果向上へ。
【提案するサービスの特徴】: 高品質なビデオと音声、安定した接続で円滑なコミュニケーションを実現。画面共有、録画、チャット、ブレイクアウトルームなど豊富な機能が効率的な会議を支援し、チームの生産性を向上させます。
【お客様へのメリット】: 高品質な会議でコミュニケーションが円滑になり、迅速な意思決定を支援。業務効率が大幅に向上し、データに基づいたマーケティング施策の立案と実行に集中でき、成果に直結します。"
32,hpsyx462@swauwp.com,和田,俊二,日本製鋼所,機械,資本財・その他,35.61986,139.72898,東京都,品川区,大崎1-11-1 ゲートシティ大崎ウエストタワー,総務部,総務担当,本部長,未登録,イベント情報,DLなし,年次カンファレンス,1,0.9997045206217114,1,【データ駆動型マーケター】顧客エンゲージメント最大化のため、データに基づいたマーケティング施策の立案と実行を担う。業務効率化と成果向上に日々尽力し、市場変化への迅速な対応を目指す。,"【提案の背景】: 貴社の業務効率化と成果向上へ。
【提案するサービスの特徴】: 高品質なビデオと音声、安定した接続で円滑なコミュニケーションを実現。画面共有、録画、チャット、ブレイクアウトルームなど豊富な機能が効率的な会議を支援し、チームの生産性を向上させます。
【お客様へのメリット】: 高品質な会議でコミュニケーションが円滑になり、迅速な意思決定を支援。業務効率が大幅に向上し、データに基づいたマーケティング施策の立案と実行に集中でき、成果に直結します。"
33,tiqjo500@fmxw.xyz,加藤,喜一郎,ＴＯＰＰＡＮホールディングス,その他製造,資本財・その他,35.70019,139.74246,東京都,文京区,水道1-3-3,広報部,広報・PR担当,主任,登録解除,チャットボット製品機能説明,チャットボット紹介,チャットボット利活用,0,0.42953480619497436,1,【データ駆動型マーケター】顧客エンゲージメント最大化のため、データに基づいたマーケティング施策の立案と実行を担う。業務効率化と成果向上に日々尽力し、市場変化への迅速な対応を目指す。,"【提案の背景】: 貴社の業務効率化と成果向上へ。
【提案するサービスの特徴】: 高品質なビデオと音声、安定した接続で円滑なコミュニケーションを実現。画面共有、録画、チャット、ブレイクアウトルームなど豊富な機能が効率的な会議を支援し、チームの生産性を向上させます。
【お客様へのメリット】: 高品質な会議でコミュニケーションが円滑になり、迅速な意思決定を支援。業務効率が大幅に向上し、データに基づいたマーケティング施策の立案と実行に集中でき、成果に直結します。"
34,orlkw397c@ezmxc.net,阿部,喜一郎,ＩＨＩ,機械,資本財・その他,35.6616,139.79093,東京都,江東区,豊洲3-1-1 豊洲IHIビル,情報システム部,IT管理担当,係長,登録済,チャットボット問い合わせ,チャットボット紹介,DXセミナー,1,0.510836873674492,1,【データ駆動型マーケター】顧客エンゲージメント最大化のため、データに基づいたマーケティング施策の立案と実行を担う。業務効率化と成果向上に日々尽力し、市場変化への迅速な対応を目指す。,"【提案の背景】: 貴社の業務効率化と成果向上へ。
【提案するサービスの特徴】: 高品質なビデオと音声、安定した接続で円滑なコミュニケーションを実現。画面共有、録画、チャット、ブレイクアウトルームなど豊富な機能が効率的な会議を支援し、チームの生産性を向上させます。
【お客様へのメリット】: 高品質な会議でコミュニケーションが円滑になり、迅速な意思決定を支援。業務効率が大幅に向上し、データに基づいたマーケティング施策の立案と実行に集中でき、成果に直結します。"
35,pcqxb853b@segm.com,青木,進一,シャープ,電気機器,技術,34.58284,135.48512,大阪府,堺市堺区,匠町1番地,総務部,購買担当,主任,未登録,企業情報,チャットボット概算費用,DXセミナー,1,0.5395578436073216,0,【戦略的事業推進者】新技術の動向を見極め、中長期的な事業戦略を策定します。激変する市場環境下で新たな成長機会を探り、持続的な企業価値向上に貢献することを使命としています。グローバル競争と技術革新への適応が重要課題です。,"【提案の背景】: グローバル競争で効率的な協業を。
【提案するサービスの特徴】: 高品質なビデオ・音声会議を安定提供。画面共有、チャット、ホワイトボードなど豊富なコラボ機能が生産性を向上。堅牢なセキュリティとどこでも参加可能な柔軟性で、グローバル協業を強力に促進します。
【お客様へのメリット】: グローバルチームとの迅速な連携を強化し、意思決定を加速。移動コスト削減と生産性向上で、新たな成長機会を捉え、持続的な企業価値向上に貢献します。"
36,pkixesai@prpisx.biz,宮崎,美代子,神戸製鋼所,鉄鋼,素材,34.686,135.21045,兵庫県,神戸市中央区,脇浜海岸通2-2-4,人事部,人事制度企画担当,課長,未登録,イベント情報,チャットボット紹介,外部ビジネスカンファレンス,1,0.9994180761442538,1,【データ駆動型マーケター】顧客エンゲージメント最大化のため、データに基づいたマーケティング施策の立案と実行を担う。業務効率化と成果向上に日々尽力し、市場変化への迅速な対応を目指す。,"【提案の背景】: 貴社の業務効率化と成果向上へ。
【提案するサービスの特徴】: 高品質なビデオと音声、安定した接続で円滑なコミュニケーションを実現。画面共有、録画、チャット、ブレイクアウトルームなど豊富な機能が効率的な会議を支援し、チームの生産性を向上させます。
【お客様へのメリット】: 高品質な会議でコミュニケーションが円滑になり、迅速な意思決定を支援。業務効率が大幅に向上し、データに基づいたマーケティング施策の立案と実行に集中でき、成果に直結します。"
37,vdfzavg@opthw.info,石田,雅夫,セブン＆アイ・ホールディングス,小売業,消費,35.68884,139.74197,東京都,千代田区,二番町8番地8,情報システム部,IT管理担当,次長,未登録,ニュースリリース,チャットボット概算費用,外部ビジネスカンファレンス,1,0.6000479351454576,1,【データ駆動型マーケター】顧客エンゲージメント最大化のため、データに基づいたマーケティング施策の立案と実行を担う。業務効率化と成果向上に日々尽力し、市場変化への迅速な対応を目指す。,"【提案の背景】: 貴社の業務効率化と成果向上へ。
【提案するサービスの特徴】: 高品質なビデオと音声、安定した接続で円滑なコミュニケーションを実現。画面共有、録画、チャット、ブレイクアウトルームなど豊富な機能が効率的な会議を支援し、チームの生産性を向上させます。
【お客様へのメリット】: 高品質な会議でコミュニケーションが円滑になり、迅速な意思決定を支援。業務効率が大幅に向上し、データに基づいたマーケティング施策の立案と実行に集中でき、成果に直結します。"
38,keotzw@zpzzvw.xyz,藤本,良三,カナデビア,機械,資本財・その他,35.68434,139.7573,東京都,千代田区,丸の内1-1-1 パレスビルディング,マーケティング部,データ分析担当,部長,登録解除,イベント情報,チャットボット事例,外部ビジネスカンファレンス,0,0.4038600644602733,1,【データ駆動型マーケター】顧客エンゲージメント最大化のため、データに基づいたマーケティング施策の立案と実行を担う。業務効率化と成果向上に日々尽力し、市場変化への迅速な対応を目指す。,"【提案の背景】: 貴社の業務効率化と成果向上へ。
【提案するサービスの特徴】: 高品質なビデオと音声、安定した接続で円滑なコミュニケーションを実現。画面共有、録画、チャット、ブレイクアウトルームなど豊富な機能が効率的な会議を支援し、チームの生産性を向上させます。
【お客様へのメリット】: 高品質な会議でコミュニケーションが円滑になり、迅速な意思決定を支援。業務効率が大幅に向上し、データに基づいたマーケティング施策の立案と実行に集中でき、成果に直結します。"
39,vlwoqxeq@xoxdfo.org,小川,幹男,セブン＆アイ・ホールディングス,小売業,消費,35.68884,139.74197,東京都,千代田区,二番町8番地8,技術部,テクニカルサポート,課長,未登録,ニュースリリース,チャットボット概算費用,チャットボット利活用,0,0.38811843036329785,1,【データ駆動型マーケター】顧客エンゲージメント最大化のため、データに基づいたマーケティング施策の立案と実行を担う。業務効率化と成果向上に日々尽力し、市場変化への迅速な対応を目指す。,"【提案の背景】: 貴社の業務効率化と成果向上へ。
【提案するサービスの特徴】: 高品質なビデオと音声、安定した接続で円滑なコミュニケーションを実現。画面共有、録画、チャット、ブレイクアウトルームなど豊富な機能が効率的な会議を支援し、チームの生産性を向上させます。
【お客様へのメリット】: 高品質な会議でコミュニケーションが円滑になり、迅速な意思決定を支援。業務効率が大幅に向上し、データに基づいたマーケティング施策の立案と実行に集中でき、成果に直結します。"
40,vutgz065@cvzsby.xyz,村田,博美,西日本旅客鉄道,鉄道・バス,運輸・公共,34.7042,135.50426,大阪府,大阪市北区,芝田2-4-24,研究開発部,リサーチ担当,主任,登録済,イベント情報,チャットボット事例,外部ビジネスカンファレンス,0,0.47699560755433434,1,【データ駆動型マーケター】顧客エンゲージメント最大化のため、データに基づいたマーケティング施策の立案と実行を担う。業務効率化と成果向上に日々尽力し、市場変化への迅速な対応を目指す。,"【提案の背景】: 貴社の業務効率化と成果向上へ。
【提案するサービスの特徴】: 高品質なビデオと音声、安定した接続で円滑なコミュニケーションを実現。画面共有、録画、チャット、ブレイクアウトルームなど豊富な機能が効率的な会議を支援し、チームの生産性を向上させます。
【お客様へのメリット】: 高品質な会議でコミュニケーションが円滑になり、迅速な意思決定を支援。業務効率が大幅に向上し、データに基づいたマーケティング施策の立案と実行に集中でき、成果に直結します。"
41,tyimk427@uxvlv.xyz,中島,護,太陽誘電,電気機器,技術,35.70932,139.77342,東京都,台東区,上野6-16-20,総務部,総務担当,部長,登録済,チャットボット製品機能説明,DLなし,年次カンファレンス,0,0.47000007825298556,0,【戦略的事業推進者】新技術の動向を見極め、中長期的な事業戦略を策定します。激変する市場環境下で新たな成長機会を探り、持続的な企業価値向上に貢献することを使命としています。グローバル競争と技術革新への適応が重要課題です。,"【提案の背景】: グローバル競争で効率的な協業を。
【提案するサービスの特徴】: 高品質なビデオ・音声会議を安定提供。画面共有、チャット、ホワイトボードなど豊富なコラボ機能が生産性を向上。堅牢なセキュリティとどこでも参加可能な柔軟性で、グローバル協業を強力に促進します。
【お客様へのメリット】: グローバルチームとの迅速な連携を強化し、意思決定を加速。移動コスト削減と生産性向上で、新たな成長機会を捉え、持続的な企業価値向上に貢献します。"
42,ndtzatj@tfxokb.xyz,青木,信子,ＪＦＥホールディングス,鉄鋼,素材,35.67204,139.75121,東京都,千代田区,内幸町2-2-3,営業部,営業担当,本部長,未登録,チャットボット問い合わせ,チャットボット紹介,外部ビジネスカンファレンス,1,0.9996657099823247,1,【データ駆動型マーケター】顧客エンゲージメント最大化のため、データに基づいたマーケティング施策の立案と実行を担う。業務効率化と成果向上に日々尽力し、市場変化への迅速な対応を目指す。,"【提案の背景】: 貴社の業務効率化と成果向上へ。
【提案するサービスの特徴】: 高品質なビデオと音声、安定した接続で円滑なコミュニケーションを実現。画面共有、録画、チャット、ブレイクアウトルームなど豊富な機能が効率的な会議を支援し、チームの生産性を向上させます。
【お客様へのメリット】: 高品質な会議でコミュニケーションが円滑になり、迅速な意思決定を支援。業務効率が大幅に向上し、データに基づいたマーケティング施策の立案と実行に集中でき、成果に直結します。"
43,nqvrxwlf@jjxtt.com,菅原,啓一,住友電気工業,非鉄・金属,素材,34.69085,135.50426,大阪府,大阪市中央区,北浜4-5-33,マーケティング部,マーケティング運営担当,主任,登録済,チャットボット問い合わせ,チャットボット紹介,年次カンファレンス,1,0.5163744406244707,1,【データ駆動型マーケター】顧客エンゲージメント最大化のため、データに基づいたマーケティング施策の立案と実行を担う。業務効率化と成果向上に日々尽力し、市場変化への迅速な対応を目指す。,"【提案の背景】: 貴社の業務効率化と成果向上へ。
【提案するサービスの特徴】: 高品質なビデオと音声、安定した接続で円滑なコミュニケーションを実現。画面共有、録画、チャット、ブレイクアウトルームなど豊富な機能が効率的な会議を支援し、チームの生産性を向上させます。
【お客様へのメリット】: 高品質な会議でコミュニケーションが円滑になり、迅速な意思決定を支援。業務効率が大幅に向上し、データに基づいたマーケティング施策の立案と実行に集中でき、成果に直結します。"
44,phovsts@pahn.xyz,遠藤,啓二,アドバンテスト,電気機器,技術,35.68132,139.7655,東京都,千代田区,丸の内1-6-2 新丸の内センタービル,マーケティング部,マーケティング企画担当,課長,登録解除,企業情報,チャットボット事例,年次カンファレンス,1,0.5785104979248648,0,【戦略的事業推進者】新技術の動向を見極め、中長期的な事業戦略を策定します。激変する市場環境下で新たな成長機会を探り、持続的な企業価値向上に貢献することを使命としています。グローバル競争と技術革新への適応が重要課題です。,"【提案の背景】: グローバル競争で効率的な協業を。
【提案するサービスの特徴】: 高品質なビデオ・音声会議を安定提供。画面共有、チャット、ホワイトボードなど豊富なコラボ機能が生産性を向上。堅牢なセキュリティとどこでも参加可能な柔軟性で、グローバル協業を強力に促進します。
【お客様へのメリット】: グローバルチームとの迅速な連携を強化し、意思決定を加速。移動コスト削減と生産性向上で、新たな成長機会を捉え、持続的な企業価値向上に貢献します。"
45,rwpjzw@iqhqn.xyz,平野,誠治,エーザイ,医薬品,技術,35.71077,139.74246,東京都,文京区,小石川4-6-10,総務部,庶務担当,部長,登録済,企業情報,チャットボット概算費用,DXセミナー,0,0.48710034064736346,0,【戦略的事業推進者】新技術の動向を見極め、中長期的な事業戦略を策定します。激変する市場環境下で新たな成長機会を探り、持続的な企業価値向上に貢献することを使命としています。グローバル競争と技術革新への適応が重要課題です。,"【提案の背景】: グローバル競争で効率的な協業を。
【提案するサービスの特徴】: 高品質なビデオ・音声会議を安定提供。画面共有、チャット、ホワイトボードなど豊富なコラボ機能が生産性を向上。堅牢なセキュリティとどこでも参加可能な柔軟性で、グローバル協業を強力に促進します。
【お客様へのメリット】: グローバルチームとの迅速な連携を強化し、意思決定を加速。移動コスト削減と生産性向上で、新たな成長機会を捉え、持続的な企業価値向上に貢献します。"
46,dpkvq637k@tthws.org,池田,斉,ヤマハ発動機,自動車,技術,34.72972,137.89278,静岡県,磐田市,新貝2500,人事部,社員研修担当,部長,登録済,チャットボット導入事例,チャットボット紹介,年次カンファレンス,1,0.999466273925648,0,【戦略的事業推進者】新技術の動向を見極め、中長期的な事業戦略を策定します。激変する市場環境下で新たな成長機会を探り、持続的な企業価値向上に貢献することを使命としています。グローバル競争と技術革新への適応が重要課題です。,"【提案の背景】: グローバル競争で効率的な協業を。
【提案するサービスの特徴】: 高品質なビデオ・音声会議を安定提供。画面共有、チャット、ホワイトボードなど豊富なコラボ機能が生産性を向上。堅牢なセキュリティとどこでも参加可能な柔軟性で、グローバル協業を強力に促進します。
【お客様へのメリット】: グローバルチームとの迅速な連携を強化し、意思決定を加速。移動コスト削減と生産性向上で、新たな成長機会を捉え、持続的な企業価値向上に貢献します。"
47,yznsssa@aqfm.info,杉山,公一,資生堂,化学,素材,35.67069,139.76342,東京都,中央区,銀座7-5-5,技術部,設計担当,係長,登録済,企業情報,チャットボット事例,年次カンファレンス,0,0.2752194573872655,0,【戦略的事業推進者】新技術の動向を見極め、中長期的な事業戦略を策定します。激変する市場環境下で新たな成長機会を探り、持続的な企業価値向上に貢献することを使命としています。グローバル競争と技術革新への適応が重要課題です。,"【提案の背景】: グローバル競争で効率的な協業を。
【提案するサービスの特徴】: 高品質なビデオ・音声会議を安定提供。画面共有、チャット、ホワイトボードなど豊富なコラボ機能が生産性を向上。堅牢なセキュリティとどこでも参加可能な柔軟性で、グローバル協業を強力に促進します。
【お客様へのメリット】: グローバルチームとの迅速な連携を強化し、意思決定を加速。移動コスト削減と生産性向上で、新たな成長機会を捉え、持続的な企業価値向上に貢献します。"
48,ppbin773pu@ovkhs.net,森田,崇,オムロン,電気機器,技術,34.99264,135.7533,京都府,京都市下京区,塩小路通堀川東入,営業部,インサイドセールス担当,部長,登録済,ニュースリリース,チャットボット事例,外部ビジネスカンファレンス,1,0.5213110865872633,0,【戦略的事業推進者】新技術の動向を見極め、中長期的な事業戦略を策定します。激変する市場環境下で新たな成長機会を探り、持続的な企業価値向上に貢献することを使命としています。グローバル競争と技術革新への適応が重要課題です。,"【提案の背景】: グローバル競争で効率的な協業を。
【提案するサービスの特徴】: 高品質なビデオ・音声会議を安定提供。画面共有、チャット、ホワイトボードなど豊富なコラボ機能が生産性を向上。堅牢なセキュリティとどこでも参加可能な柔軟性で、グローバル協業を強力に促進します。
【お客様へのメリット】: グローバルチームとの迅速な連携を強化し、意思決定を加速。移動コスト削減と生産性向上で、新たな成長機会を捉え、持続的な企業価値向上に貢献します。"
49,jpplab@tjea.org,木下,喜一郎,ＳＵＭＣＯ,非鉄・金属,素材,35.64295,139.74558,東京都,港区,芝浦4-2-8 住友不動産三田ツインビル東館,経理部,管理会計担当,主任,未登録,企業情報,チャットボット事例,DXセミナー,1,0.5223933424111722,1,【データ駆動型マーケター】顧客エンゲージメント最大化のため、データに基づいたマーケティング施策の立案と実行を担う。業務効率化と成果向上に日々尽力し、市場変化への迅速な対応を目指す。,"【提案の背景】: 貴社の業務効率化と成果向上へ。
【提案するサービスの特徴】: 高品質なビデオと音声、安定した接続で円滑なコミュニケーションを実現。画面共有、録画、チャット、ブレイクアウトルームなど豊富な機能が効率的な会議を支援し、チームの生産性を向上させます。
【お客様へのメリット】: 高品質な会議でコミュニケーションが円滑になり、迅速な意思決定を支援。業務効率が大幅に向上し、データに基づいたマーケティング施策の立案と実行に集中でき、成果に直結します。"
50,myxtse@fpeod.biz,野口,良三,双日,商社,素材,35.67098,139.75404,東京都,千代田区,内幸町2-1-1 飯野ビルディング,営業部,営業担当,課長,登録解除,チャットボット導入事例,チャットボット紹介,DXセミナー,0,0.4215709983943465,1,【データ駆動型マーケター】顧客エンゲージメント最大化のため、データに基づいたマーケティング施策の立案と実行を担う。業務効率化と成果向上に日々尽力し、市場変化への迅速な対応を目指す。,"【提案の背景】: 貴社の業務効率化と成果向上へ。
【提案するサービスの特徴】: 高品質なビデオと音声、安定した接続で円滑なコミュニケーションを実現。画面共有、録画、チャット、ブレイクアウトルームなど豊富な機能が効率的な会議を支援し、チームの生産性を向上させます。
【お客様へのメリット】: 高品質な会議でコミュニケーションが円滑になり、迅速な意思決定を支援。業務効率が大幅に向上し、データに基づいたマーケティング施策の立案と実行に集中でき、成果に直結します。"
51,evggt693l@sayk.org,福田,博美,川崎汽船,海運,運輸・公共,35.67098,139.75404,東京都,千代田区,内幸町2-1-1 飯野ビルディング,広報部,広報・PR担当,主任,登録解除,IR情報,チャットボット紹介,外部ビジネスカンファレンス,0,0.4258318743450176,1,【データ駆動型マーケター】顧客エンゲージメント最大化のため、データに基づいたマーケティング施策の立案と実行を担う。業務効率化と成果向上に日々尽力し、市場変化への迅速な対応を目指す。,"【提案の背景】: 貴社の業務効率化と成果向上へ。
【提案するサービスの特徴】: 高品質なビデオと音声、安定した接続で円滑なコミュニケーションを実現。画面共有、録画、チャット、ブレイクアウトルームなど豊富な機能が効率的な会議を支援し、チームの生産性を向上させます。
【お客様へのメリット】: 高品質な会議でコミュニケーションが円滑になり、迅速な意思決定を支援。業務効率が大幅に向上し、データに基づいたマーケティング施策の立案と実行に集中でき、成果に直結します。"
52,hulrk082vq@qhkm.net,近藤,常雄,武田薬品工業,医薬品,技術,35.6827,139.77196,東京都,中央区,日本橋2-7-1,経営企画部,経営企画スタッフ,課長,登録済,チャットボット製品機能説明,チャットボット事例,DXセミナー,0,0.3273577290050219,0,【戦略的事業推進者】新技術の動向を見極め、中長期的な事業戦略を策定します。激変する市場環境下で新たな成長機会を探り、持続的な企業価値向上に貢献することを使命としています。グローバル競争と技術革新への適応が重要課題です。,"【提案の背景】: グローバル競争で効率的な協業を。
【提案するサービスの特徴】: 高品質なビデオ・音声会議を安定提供。画面共有、チャット、ホワイトボードなど豊富なコラボ機能が生産性を向上。堅牢なセキュリティとどこでも参加可能な柔軟性で、グローバル協業を強力に促進します。
【お客様へのメリット】: グローバルチームとの迅速な連携を強化し、意思決定を加速。移動コスト削減と生産性向上で、新たな成長機会を捉え、持続的な企業価値向上に貢献します。"
53,swnadky@crdmk.biz,岡本,勝弘,ＴＯＴＯ,窯業,素材,33.88241,130.88474,福岡県,北九州市小倉北区,中島2-1-1,営業部,インサイドセールス担当,係長,登録解除,チャットボット製品機能説明,チャットボット事例,年次カンファレンス,0,0.45417515610550796,0,【戦略的事業推進者】新技術の動向を見極め、中長期的な事業戦略を策定します。激変する市場環境下で新たな成長機会を探り、持続的な企業価値向上に貢献することを使命としています。グローバル競争と技術革新への適応が重要課題です。,"【提案の背景】: グローバル競争で効率的な協業を。
【提案するサービスの特徴】: 高品質なビデオ・音声会議を安定提供。画面共有、チャット、ホワイトボードなど豊富なコラボ機能が生産性を向上。堅牢なセキュリティとどこでも参加可能な柔軟性で、グローバル協業を強力に促進します。
【お客様へのメリット】: グローバルチームとの迅速な連携を強化し、意思決定を加速。移動コスト削減と生産性向上で、新たな成長機会を捉え、持続的な企業価値向上に貢献します。"
54,wboypt@kyjs.net,伊藤,正孝,中外製薬,医薬品,技術,35.68449,139.77121,東京都,中央区,日本橋室町2-1-1 日本橋三井タワー,経営企画部,経営企画スタッフ,主任,登録済,イベント情報,チャットボット事例,DXセミナー,0,0.44835853237807244,0,【戦略的事業推進者】新技術の動向を見極め、中長期的な事業戦略を策定します。激変する市場環境下で新たな成長機会を探り、持続的な企業価値向上に貢献することを使命としています。グローバル競争と技術革新への適応が重要課題です。,"【提案の背景】: グローバル競争で効率的な協業を。
【提案するサービスの特徴】: 高品質なビデオ・音声会議を安定提供。画面共有、チャット、ホワイトボードなど豊富なコラボ機能が生産性を向上。堅牢なセキュリティとどこでも参加可能な柔軟性で、グローバル協業を強力に促進します。
【お客様へのメリット】: グローバルチームとの迅速な連携を強化し、意思決定を加速。移動コスト削減と生産性向上で、新たな成長機会を捉え、持続的な企業価値向上に貢献します。"
55,tgmja351@xgofy.info,松本,弘志,クレディセゾン,その他金融,金融,35.7275,139.71457,東京都,豊島区,東池袋3-1-1 サンシャイン60,人事部,社員研修担当,係長,登録済,企業情報,チャットボット事例,年次カンファレンス,1,0.9995160529129009,0,【戦略的事業推進者】新技術の動向を見極め、中長期的な事業戦略を策定します。激変する市場環境下で新たな成長機会を探り、持続的な企業価値向上に貢献することを使命としています。グローバル競争と技術革新への適応が重要課題です。,"【提案の背景】: グローバル競争で効率的な協業を。
【提案するサービスの特徴】: 高品質なビデオ・音声会議を安定提供。画面共有、チャット、ホワイトボードなど豊富なコラボ機能が生産性を向上。堅牢なセキュリティとどこでも参加可能な柔軟性で、グローバル協業を強力に促進します。
【お客様へのメリット】: グローバルチームとの迅速な連携を強化し、意思決定を加速。移動コスト削減と生産性向上で、新たな成長機会を捉え、持続的な企業価値向上に貢献します。"
56,tibkldhc@ciyv.org,藤井,斉,フジクラ,非鉄・金属,素材,35.67069,139.80521,東京都,江東区,木場1-5-1,技術部,設計担当,本部長,未登録,チャットボット導入事例,チャットボット概算費用,年次カンファレンス,1,0.9996858959669094,1,【データ駆動型マーケター】顧客エンゲージメント最大化のため、データに基づいたマーケティング施策の立案と実行を担う。業務効率化と成果向上に日々尽力し、市場変化への迅速な対応を目指す。,"【提案の背景】: 貴社の業務効率化と成果向上へ。
【提案するサービスの特徴】: 高品質なビデオと音声、安定した接続で円滑なコミュニケーションを実現。画面共有、録画、チャット、ブレイクアウトルームなど豊富な機能が効率的な会議を支援し、チームの生産性を向上させます。
【お客様へのメリット】: 高品質な会議でコミュニケーションが円滑になり、迅速な意思決定を支援。業務効率が大幅に向上し、データに基づいたマーケティング施策の立案と実行に集中でき、成果に直結します。"
57,oyxizhl@dyjey.net,鈴木,厚,いすゞ自動車,自動車,技術,35.46333,139.6225,神奈川県,横浜市西区,高島1-2-5 横浜野村ビル,営業部,営業担当,主任,登録解除,チャットボット製品機能説明,チャットボット事例,外部ビジネスカンファレンス,1,0.571872007849078,0,【戦略的事業推進者】新技術の動向を見極め、中長期的な事業戦略を策定します。激変する市場環境下で新たな成長機会を探り、持続的な企業価値向上に貢献することを使命としています。グローバル競争と技術革新への適応が重要課題です。,"【提案の背景】: グローバル競争で効率的な協業を。
【提案するサービスの特徴】: 高品質なビデオ・音声会議を安定提供。画面共有、チャット、ホワイトボードなど豊富なコラボ機能が生産性を向上。堅牢なセキュリティとどこでも参加可能な柔軟性で、グローバル協業を強力に促進します。
【お客様へのメリット】: グローバルチームとの迅速な連携を強化し、意思決定を加速。移動コスト削減と生産性向上で、新たな成長機会を捉え、持続的な企業価値向上に貢献します。"
58,tufyx320ja@vmho.info,村上,啓二,商船三井,海運,運輸・公共,35.6681,139.74836,東京都,港区,虎ノ門2-1-1,研究開発部,リサーチ担当,主任,未登録,企業情報,チャットボット紹介,年次カンファレンス,1,0.5466265989881159,1,【データ駆動型マーケター】顧客エンゲージメント最大化のため、データに基づいたマーケティング施策の立案と実行を担う。業務効率化と成果向上に日々尽力し、市場変化への迅速な対応を目指す。,"【提案の背景】: 貴社の業務効率化と成果向上へ。
【提案するサービスの特徴】: 高品質なビデオと音声、安定した接続で円滑なコミュニケーションを実現。画面共有、録画、チャット、ブレイクアウトルームなど豊富な機能が効率的な会議を支援し、チームの生産性を向上させます。
【お客様へのメリット】: 高品質な会議でコミュニケーションが円滑になり、迅速な意思決定を支援。業務効率が大幅に向上し、データに基づいたマーケティング施策の立案と実行に集中でき、成果に直結します。"
59,ubihf270bh@bovkad.xyz,新井,義久,京王電鉄,鉄道・バス,運輸・公共,35.63223,139.44498,東京都,多摩市,関戸1-11-1 京王聖蹟桜ヶ丘ショッピングセンターA館,人事部,社員研修担当,主任,登録解除,イベント情報,チャットボット概算費用,外部ビジネスカンファレンス,1,0.9994909990224731,1,【データ駆動型マーケター】顧客エンゲージメント最大化のため、データに基づいたマーケティング施策の立案と実行を担う。業務効率化と成果向上に日々尽力し、市場変化への迅速な対応を目指す。,"【提案の背景】: 貴社の業務効率化と成果向上へ。
【提案するサービスの特徴】: 高品質なビデオと音声、安定した接続で円滑なコミュニケーションを実現。画面共有、録画、チャット、ブレイクアウトルームなど豊富な機能が効率的な会議を支援し、チームの生産性を向上させます。
【お客様へのメリット】: 高品質な会議でコミュニケーションが円滑になり、迅速な意思決定を支援。業務効率が大幅に向上し、データに基づいたマーケティング施策の立案と実行に集中でき、成果に直結します。"
60,xdhwk483d@ilgdem.com,丸山,芳郎,メルカリ,サービス,消費,35.6603,139.7291,東京都,港区,六本木6-10-1 六本木ヒルズ森タワー,研究開発部,リサーチ担当,主任,登録解除,チャットボット製品機能説明,DLなし,外部ビジネスカンファレンス,1,0.5532245840896624,1,【データ駆動型マーケター】顧客エンゲージメント最大化のため、データに基づいたマーケティング施策の立案と実行を担う。業務効率化と成果向上に日々尽力し、市場変化への迅速な対応を目指す。,"【提案の背景】: 貴社の業務効率化と成果向上へ。
【提案するサービスの特徴】: 高品質なビデオと音声、安定した接続で円滑なコミュニケーションを実現。画面共有、録画、チャット、ブレイクアウトルームなど豊富な機能が効率的な会議を支援し、チームの生産性を向上させます。
【お客様へのメリット】: 高品質な会議でコミュニケーションが円滑になり、迅速な意思決定を支援。業務効率が大幅に向上し、データに基づいたマーケティング施策の立案と実行に集中でき、成果に直結します。"
61,qckgyjj@gdlygk.org,井上,博幸,高島屋,小売業,消費,34.6653,135.50021,大阪府,大阪市中央区,難波5-1-5,技術部,品質管理担当,本部長,登録済,ニュースリリース,DLなし,年次カンファレンス,1,0.9996136778513304,0,【戦略的事業推進者】新技術の動向を見極め、中長期的な事業戦略を策定します。激変する市場環境下で新たな成長機会を探り、持続的な企業価値向上に貢献することを使命としています。グローバル競争と技術革新への適応が重要課題です。,"【提案の背景】: グローバル競争で効率的な協業を。
【提案するサービスの特徴】: 高品質なビデオ・音声会議を安定提供。画面共有、チャット、ホワイトボードなど豊富なコラボ機能が生産性を向上。堅牢なセキュリティとどこでも参加可能な柔軟性で、グローバル協業を強力に促進します。
【お客様へのメリット】: グローバルチームとの迅速な連携を強化し、意思決定を加速。移動コスト削減と生産性向上で、新たな成長機会を捉え、持続的な企業価値向上に貢献します。"
62,ktcxol@iqolxm.net,新井,静男,パナソニックホールディングス,電気機器,技術,34.73977,135.58621,大阪府,門真市,大字門真1006番地,情報システム部,社内ITサポート担当,本部長,登録済,ニュースリリース,チャットボット事例,チャットボット利活用,1,0.9996554996664615,0,【戦略的事業推進者】新技術の動向を見極め、中長期的な事業戦略を策定します。激変する市場環境下で新たな成長機会を探り、持続的な企業価値向上に貢献することを使命としています。グローバル競争と技術革新への適応が重要課題です。,"【提案の背景】: グローバル競争で効率的な協業を。
【提案するサービスの特徴】: 高品質なビデオ・音声会議を安定提供。画面共有、チャット、ホワイトボードなど豊富なコラボ機能が生産性を向上。堅牢なセキュリティとどこでも参加可能な柔軟性で、グローバル協業を強力に促進します。
【お客様へのメリット】: グローバルチームとの迅速な連携を強化し、意思決定を加速。移動コスト削減と生産性向上で、新たな成長機会を捉え、持続的な企業価値向上に貢献します。"
63,gtsop386@ztcnfg.biz,藤井,厚,Ｊ．フロントリテイリング,小売業,消費,35.66723,139.76342,東京都,中央区,銀座6-10-1 GINZA SIX,技術部,設計担当,次長,登録解除,IR情報,チャットボット事例,DXセミナー,0,0.45990896779503554,0,【戦略的事業推進者】新技術の動向を見極め、中長期的な事業戦略を策定します。激変する市場環境下で新たな成長機会を探り、持続的な企業価値向上に貢献することを使命としています。グローバル競争と技術革新への適応が重要課題です。,"【提案の背景】: グローバル競争で効率的な協業を。
【提案するサービスの特徴】: 高品質なビデオ・音声会議を安定提供。画面共有、チャット、ホワイトボードなど豊富なコラボ機能が生産性を向上。堅牢なセキュリティとどこでも参加可能な柔軟性で、グローバル協業を強力に促進します。
【お客様へのメリット】: グローバルチームとの迅速な連携を強化し、意思決定を加速。移動コスト削減と生産性向上で、新たな成長機会を捉え、持続的な企業価値向上に貢献します。"
64,movib347@zilbl.info,佐野,利光,ソシオネクスト,電気機器,技術,35.50742,139.61937,神奈川県,横浜市港北区,新横浜2-100-45 新横浜中央ビル,経営企画部,経営戦略担当,本部長,登録解除,チャットボット問い合わせ,DLなし,外部ビジネスカンファレンス,1,0.9996247179048001,0,【戦略的事業推進者】新技術の動向を見極め、中長期的な事業戦略を策定します。激変する市場環境下で新たな成長機会を探り、持続的な企業価値向上に貢献することを使命としています。グローバル競争と技術革新への適応が重要課題です。,"【提案の背景】: グローバル競争で効率的な協業を。
【提案するサービスの特徴】: 高品質なビデオ・音声会議を安定提供。画面共有、チャット、ホワイトボードなど豊富なコラボ機能が生産性を向上。堅牢なセキュリティとどこでも参加可能な柔軟性で、グローバル協業を強力に促進します。
【お客様へのメリット】: グローバルチームとの迅速な連携を強化し、意思決定を加速。移動コスト削減と生産性向上で、新たな成長機会を捉え、持続的な企業価値向上に貢献します。"
65,hotmg923a@xinaav.net,柴田,謙一,東京電力ホールディングス,電力,運輸・公共,35.67098,139.75404,東京都,千代田区,内幸町1-1-3,マーケティング部,マーケティング運営担当,部長,未登録,チャットボット問い合わせ,チャットボット概算費用,年次カンファレンス,1,0.5676729615374608,1,【データ駆動型マーケター】顧客エンゲージメント最大化のため、データに基づいたマーケティング施策の立案と実行を担う。業務効率化と成果向上に日々尽力し、市場変化への迅速な対応を目指す。,"【提案の背景】: 貴社の業務効率化と成果向上へ。
【提案するサービスの特徴】: 高品質なビデオと音声、安定した接続で円滑なコミュニケーションを実現。画面共有、録画、チャット、ブレイクアウトルームなど豊富な機能が効率的な会議を支援し、チームの生産性を向上させます。
【お客様へのメリット】: 高品質な会議でコミュニケーションが円滑になり、迅速な意思決定を支援。業務効率が大幅に向上し、データに基づいたマーケティング施策の立案と実行に集中でき、成果に直結します。"
66,gmzgq210s@qxijf.xyz,石川,忠司,住友金属鉱山,非鉄・金属,素材,35.65997,139.75404,東京都,港区,新橋5-11-3,経理部,経理スタッフ,次長,登録解除,イベント情報,DLなし,年次カンファレンス,1,0.6114880861092398,1,【データ駆動型マーケター】顧客エンゲージメント最大化のため、データに基づいたマーケティング施策の立案と実行を担う。業務効率化と成果向上に日々尽力し、市場変化への迅速な対応を目指す。,"【提案の背景】: 貴社の業務効率化と成果向上へ。
【提案するサービスの特徴】: 高品質なビデオと音声、安定した接続で円滑なコミュニケーションを実現。画面共有、録画、チャット、ブレイクアウトルームなど豊富な機能が効率的な会議を支援し、チームの生産性を向上させます。
【お客様へのメリット】: 高品質な会議でコミュニケーションが円滑になり、迅速な意思決定を支援。業務効率が大幅に向上し、データに基づいたマーケティング施策の立案と実行に集中でき、成果に直結します。"
67,zhtfig@vbream.xyz,谷口,敏子,ディスコ,精密機器,技術,35.59013,139.73144,東京都,大田区,大森北2-13-11,営業部,営業企画担当,課長,登録済,ニュースリリース,DLなし,チャットボット利活用,1,0.6208816930881387,0,【戦略的事業推進者】新技術の動向を見極め、中長期的な事業戦略を策定します。激変する市場環境下で新たな成長機会を探り、持続的な企業価値向上に貢献することを使命としています。グローバル競争と技術革新への適応が重要課題です。,"【提案の背景】: グローバル競争で効率的な協業を。
【提案するサービスの特徴】: 高品質なビデオ・音声会議を安定提供。画面共有、チャット、ホワイトボードなど豊富なコラボ機能が生産性を向上。堅牢なセキュリティとどこでも参加可能な柔軟性で、グローバル協業を強力に促進します。
【お客様へのメリット】: グローバルチームとの迅速な連携を強化し、意思決定を加速。移動コスト削減と生産性向上で、新たな成長機会を捉え、持続的な企業価値向上に貢献します。"
68,qjgvnsis@cxfaas.net,中山,謙一,キヤノン,電気機器,技術,35.56611,139.68987,東京都,大田区,下丸子3-30-2,技術部,品質管理担当,課長,登録解除,チャットボット製品機能説明,DLなし,年次カンファレンス,1,0.654742396398748,0,【戦略的事業推進者】新技術の動向を見極め、中長期的な事業戦略を策定します。激変する市場環境下で新たな成長機会を探り、持続的な企業価値向上に貢献することを使命としています。グローバル競争と技術革新への適応が重要課題です。,"【提案の背景】: グローバル競争で効率的な協業を。
【提案するサービスの特徴】: 高品質なビデオ・音声会議を安定提供。画面共有、チャット、ホワイトボードなど豊富なコラボ機能が生産性を向上。堅牢なセキュリティとどこでも参加可能な柔軟性で、グローバル協業を強力に促進します。
【お客様へのメリット】: グローバルチームとの迅速な連携を強化し、意思決定を加速。移動コスト削減と生産性向上で、新たな成長機会を捉え、持続的な企業価値向上に貢献します。"
69,xofld244@yzthd.com,三浦,正孝,キリンホールディングス,食品,消費,35.70685,139.66442,東京都,中野区,中野4-10-2 中野セントラルパークサウス,総務部,購買担当,課長,登録解除,ニュースリリース,チャットボット事例,DXセミナー,0,0.45353639007409463,0,【戦略的事業推進者】新技術の動向を見極め、中長期的な事業戦略を策定します。激変する市場環境下で新たな成長機会を探り、持続的な企業価値向上に貢献することを使命としています。グローバル競争と技術革新への適応が重要課題です。,"【提案の背景】: グローバル競争で効率的な協業を。
【提案するサービスの特徴】: 高品質なビデオ・音声会議を安定提供。画面共有、チャット、ホワイトボードなど豊富なコラボ機能が生産性を向上。堅牢なセキュリティとどこでも参加可能な柔軟性で、グローバル協業を強力に促進します。
【お客様へのメリット】: グローバルチームとの迅速な連携を強化し、意思決定を加速。移動コスト削減と生産性向上で、新たな成長機会を捉え、持続的な企業価値向上に貢献します。"
70,xgkrhmx@vxiom.info,中村,雅夫,住友化学,化学,素材,35.6826,139.77334,東京都,中央区,日本橋2-2-1,研究開発部,開発エンジニア,主任,登録済,ニュースリリース,チャットボット概算費用,年次カンファレンス,1,0.5318886751450255,1,【データ駆動型マーケター】顧客エンゲージメント最大化のため、データに基づいたマーケティング施策の立案と実行を担う。業務効率化と成果向上に日々尽力し、市場変化への迅速な対応を目指す。,"【提案の背景】: 貴社の業務効率化と成果向上へ。
【提案するサービスの特徴】: 高品質なビデオと音声、安定した接続で円滑なコミュニケーションを実現。画面共有、録画、チャット、ブレイクアウトルームなど豊富な機能が効率的な会議を支援し、チームの生産性を向上させます。
【お客様へのメリット】: 高品質な会議でコミュニケーションが円滑になり、迅速な意思決定を支援。業務効率が大幅に向上し、データに基づいたマーケティング施策の立案と実行に集中でき、成果に直結します。"
71,extpu481x@vpqnhm.net,村田,敏之,エーザイ,医薬品,技術,35.71077,139.74246,東京都,文京区,小石川4-6-10,経営企画部,経営企画スタッフ,主任,登録解除,チャットボット製品機能説明,チャットボット事例,年次カンファレンス,0,0.49783121555916726,0,【戦略的事業推進者】新技術の動向を見極め、中長期的な事業戦略を策定します。激変する市場環境下で新たな成長機会を探り、持続的な企業価値向上に貢献することを使命としています。グローバル競争と技術革新への適応が重要課題です。,"【提案の背景】: グローバル競争で効率的な協業を。
【提案するサービスの特徴】: 高品質なビデオ・音声会議を安定提供。画面共有、チャット、ホワイトボードなど豊富なコラボ機能が生産性を向上。堅牢なセキュリティとどこでも参加可能な柔軟性で、グローバル協業を強力に促進します。
【お客様へのメリット】: グローバルチームとの迅速な連携を強化し、意思決定を加速。移動コスト削減と生産性向上で、新たな成長機会を捉え、持続的な企業価値向上に貢献します。"
72,vysnnkhc@ceyifa.biz,橋本,博幸,小松製作所,機械,資本財・その他,35.67297,139.73812,東京都,港区,赤坂2-3-6,経営企画部,経営戦略担当,次長,登録解除,ニュースリリース,チャットボット事例,DXセミナー,1,0.5022431916672502,0,【戦略的事業推進者】新技術の動向を見極め、中長期的な事業戦略を策定します。激変する市場環境下で新たな成長機会を探り、持続的な企業価値向上に貢献することを使命としています。グローバル競争と技術革新への適応が重要課題です。,"【提案の背景】: グローバル競争で効率的な協業を。
【提案するサービスの特徴】: 高品質なビデオ・音声会議を安定提供。画面共有、チャット、ホワイトボードなど豊富なコラボ機能が生産性を向上。堅牢なセキュリティとどこでも参加可能な柔軟性で、グローバル協業を強力に促進します。
【お客様へのメリット】: グローバルチームとの迅速な連携を強化し、意思決定を加速。移動コスト削減と生産性向上で、新たな成長機会を捉え、持続的な企業価値向上に貢献します。"
73,atuto996i@aucu.xyz,木下,繁夫,三菱マテリアル,非鉄・金属,素材,35.68962,139.76569,東京都,千代田区,大手町1-3-2 大手町カンファレンスセンター,技術部,テクニカルサポート,主任,登録済,企業情報,DLなし,外部ビジネスカンファレンス,1,0.574345998991286,1,【データ駆動型マーケター】顧客エンゲージメント最大化のため、データに基づいたマーケティング施策の立案と実行を担う。業務効率化と成果向上に日々尽力し、市場変化への迅速な対応を目指す。,"【提案の背景】: 貴社の業務効率化と成果向上へ。
【提案するサービスの特徴】: 高品質なビデオと音声、安定した接続で円滑なコミュニケーションを実現。画面共有、録画、チャット、ブレイクアウトルームなど豊富な機能が効率的な会議を支援し、チームの生産性を向上させます。
【お客様へのメリット】: 高品質な会議でコミュニケーションが円滑になり、迅速な意思決定を支援。業務効率が大幅に向上し、データに基づいたマーケティング施策の立案と実行に集中でき、成果に直結します。"
74,kvcus643n@cukean.com,山口,勝一,日東電工,化学,素材,34.69974,135.49258,大阪府,大阪市北区,梅田1-11-1 大阪駅前第4ビル,人事部,社員研修担当,次長,登録済,チャットボット導入事例,チャットボット紹介,チャットボット利活用,1,0.9994827339385559,1,【データ駆動型マーケター】顧客エンゲージメント最大化のため、データに基づいたマーケティング施策の立案と実行を担う。業務効率化と成果向上に日々尽力し、市場変化への迅速な対応を目指す。,"【提案の背景】: 貴社の業務効率化と成果向上へ。
【提案するサービスの特徴】: 高品質なビデオと音声、安定した接続で円滑なコミュニケーションを実現。画面共有、録画、チャット、ブレイクアウトルームなど豊富な機能が効率的な会議を支援し、チームの生産性を向上させます。
【お客様へのメリット】: 高品質な会議でコミュニケーションが円滑になり、迅速な意思決定を支援。業務効率が大幅に向上し、データに基づいたマーケティング施策の立案と実行に集中でき、成果に直結します。"
75,nhuet113ml@hgjww.net,渡辺,義春,アマダ,機械,資本財・その他,35.39868,139.29424,神奈川県,伊勢原市,大山11,営業部,営業担当,課長,未登録,チャットボット問い合わせ,DLなし,チャットボット利活用,1,0.5194114440448567,1,【データ駆動型マーケター】顧客エンゲージメント最大化のため、データに基づいたマーケティング施策の立案と実行を担う。業務効率化と成果向上に日々尽力し、市場変化への迅速な対応を目指す。,"【提案の背景】: 貴社の業務効率化と成果向上へ。
【提案するサービスの特徴】: 高品質なビデオと音声、安定した接続で円滑なコミュニケーションを実現。画面共有、録画、チャット、ブレイクアウトルームなど豊富な機能が効率的な会議を支援し、チームの生産性を向上させます。
【お客様へのメリット】: 高品質な会議でコミュニケーションが円滑になり、迅速な意思決定を支援。業務効率が大幅に向上し、データに基づいたマーケティング施策の立案と実行に集中でき、成果に直結します。"
76,xgscb281x@leztih.com,山下,正利,ＥＮＥＯＳホールディングス,石油,素材,35.68822,139.76611,東京都,千代田区,大手町1-1-2,マーケティング部,マーケティング企画担当,主任,未登録,チャットボット導入事例,チャットボット紹介,チャットボット利活用,1,0.5637305534134888,1,【データ駆動型マーケター】顧客エンゲージメント最大化のため、データに基づいたマーケティング施策の立案と実行を担う。業務効率化と成果向上に日々尽力し、市場変化への迅速な対応を目指す。,"【提案の背景】: 貴社の業務効率化と成果向上へ。
【提案するサービスの特徴】: 高品質なビデオと音声、安定した接続で円滑なコミュニケーションを実現。画面共有、録画、チャット、ブレイクアウトルームなど豊富な機能が効率的な会議を支援し、チームの生産性を向上させます。
【お客様へのメリット】: 高品質な会議でコミュニケーションが円滑になり、迅速な意思決定を支援。業務効率が大幅に向上し、データに基づいたマーケティング施策の立案と実行に集中でき、成果に直結します。"
77,ciobjbu@mdxwp.org,山崎,博美,日本ハム,食品,消費,34.69894,135.49503,大阪府,大阪市北区,梅田2-4-9 ブリーゼタワー,人事部,社員研修担当,課長,登録解除,チャットボット製品機能説明,チャットボット概算費用,外部ビジネスカンファレンス,1,0.9995660753088904,1,【データ駆動型マーケター】顧客エンゲージメント最大化のため、データに基づいたマーケティング施策の立案と実行を担う。業務効率化と成果向上に日々尽力し、市場変化への迅速な対応を目指す。,"【提案の背景】: 貴社の業務効率化と成果向上へ。
【提案するサービスの特徴】: 高品質なビデオと音声、安定した接続で円滑なコミュニケーションを実現。画面共有、録画、チャット、ブレイクアウトルームなど豊富な機能が効率的な会議を支援し、チームの生産性を向上させます。
【お客様へのメリット】: 高品質な会議でコミュニケーションが円滑になり、迅速な意思決定を支援。業務効率が大幅に向上し、データに基づいたマーケティング施策の立案と実行に集中でき、成果に直結します。"
78,szilc178w@qjovf.com,山口,寿一,ヤマハ発動機,自動車,技術,34.72972,137.89278,静岡県,磐田市,新貝2500,人事部,採用担当,部長,登録済,ニュースリリース,DLなし,チャットボット利活用,1,0.999392105634617,0,【戦略的事業推進者】新技術の動向を見極め、中長期的な事業戦略を策定します。激変する市場環境下で新たな成長機会を探り、持続的な企業価値向上に貢献することを使命としています。グローバル競争と技術革新への適応が重要課題です。,"【提案の背景】: グローバル競争で効率的な協業を。
【提案するサービスの特徴】: 高品質なビデオ・音声会議を安定提供。画面共有、チャット、ホワイトボードなど豊富なコラボ機能が生産性を向上。堅牢なセキュリティとどこでも参加可能な柔軟性で、グローバル協業を強力に促進します。
【お客様へのメリット】: グローバルチームとの迅速な連携を強化し、意思決定を加速。移動コスト削減と生産性向上で、新たな成長機会を捉え、持続的な企業価値向上に貢献します。"
79,okrus344o@ceccy.net,杉山,善一,東京海上ホールディングス,保険,金融,35.68822,139.76611,東京都,千代田区,丸の内1-2-1,経理部,財務担当,次長,未登録,チャットボット問い合わせ,チャットボット概算費用,DXセミナー,1,0.5531919880050199,1,【データ駆動型マーケター】顧客エンゲージメント最大化のため、データに基づいたマーケティング施策の立案と実行を担う。業務効率化と成果向上に日々尽力し、市場変化への迅速な対応を目指す。,"【提案の背景】: 貴社の業務効率化と成果向上へ。
【提案するサービスの特徴】: 高品質なビデオと音声、安定した接続で円滑なコミュニケーションを実現。画面共有、録画、チャット、ブレイクアウトルームなど豊富な機能が効率的な会議を支援し、チームの生産性を向上させます。
【お客様へのメリット】: 高品質な会議でコミュニケーションが円滑になり、迅速な意思決定を支援。業務効率が大幅に向上し、データに基づいたマーケティング施策の立案と実行に集中でき、成果に直結します。"
80,waemuex@xgyux.info,木村,忠司,ベイカレント,サービス,消費,35.66699,139.75051,東京都,港区,虎ノ門1-23-1 虎ノ門ヒルズ森タワー,マーケティング部,マーケティング企画担当,次長,未登録,イベント情報,チャットボット概算費用,年次カンファレンス,1,0.6385623706539326,1,【データ駆動型マーケター】顧客エンゲージメント最大化のため、データに基づいたマーケティング施策の立案と実行を担う。業務効率化と成果向上に日々尽力し、市場変化への迅速な対応を目指す。,"【提案の背景】: 貴社の業務効率化と成果向上へ。
【提案するサービスの特徴】: 高品質なビデオと音声、安定した接続で円滑なコミュニケーションを実現。画面共有、録画、チャット、ブレイクアウトルームなど豊富な機能が効率的な会議を支援し、チームの生産性を向上させます。
【お客様へのメリット】: 高品質な会議でコミュニケーションが円滑になり、迅速な意思決定を支援。業務効率が大幅に向上し、データに基づいたマーケティング施策の立案と実行に集中でき、成果に直結します。"
81,xctdpgg@eavr.biz,小山,治夫,東京建物,不動産,資本財・その他,35.68112,139.76686,東京都,中央区,八重洲1-4-16,技術部,設計担当,主任,登録解除,IR情報,チャットボット紹介,年次カンファレンス,1,0.5824184881462423,1,【データ駆動型マーケター】顧客エンゲージメント最大化のため、データに基づいたマーケティング施策の立案と実行を担う。業務効率化と成果向上に日々尽力し、市場変化への迅速な対応を目指す。,"【提案の背景】: 貴社の業務効率化と成果向上へ。
【提案するサービスの特徴】: 高品質なビデオと音声、安定した接続で円滑なコミュニケーションを実現。画面共有、録画、チャット、ブレイクアウトルームなど豊富な機能が効率的な会議を支援し、チームの生産性を向上させます。
【お客様へのメリット】: 高品質な会議でコミュニケーションが円滑になり、迅速な意思決定を支援。業務効率が大幅に向上し、データに基づいたマーケティング施策の立案と実行に集中でき、成果に直結します。"
82,ylfdd542lf@vhpg.com,村田,政義,双日,商社,素材,35.67098,139.75404,東京都,千代田区,内幸町2-1-1 飯野ビルディング,広報部,社内広報担当,主任,登録済,イベント情報,チャットボット事例,外部ビジネスカンファレンス,0,0.38637266364107903,1,【データ駆動型マーケター】顧客エンゲージメント最大化のため、データに基づいたマーケティング施策の立案と実行を担う。業務効率化と成果向上に日々尽力し、市場変化への迅速な対応を目指す。,"【提案の背景】: 貴社の業務効率化と成果向上へ。
【提案するサービスの特徴】: 高品質なビデオと音声、安定した接続で円滑なコミュニケーションを実現。画面共有、録画、チャット、ブレイクアウトルームなど豊富な機能が効率的な会議を支援し、チームの生産性を向上させます。
【お客様へのメリット】: 高品質な会議でコミュニケーションが円滑になり、迅速な意思決定を支援。業務効率が大幅に向上し、データに基づいたマーケティング施策の立案と実行に集中でき、成果に直結します。"
83,ixzzzdj@yixs.info,加藤,義行,東京建物,不動産,資本財・その他,35.68112,139.76686,東京都,中央区,八重洲1-4-16,技術部,品質管理担当,部長,登録解除,チャットボット問い合わせ,チャットボット紹介,DXセミナー,1,0.6181630312943008,1,【データ駆動型マーケター】顧客エンゲージメント最大化のため、データに基づいたマーケティング施策の立案と実行を担う。業務効率化と成果向上に日々尽力し、市場変化への迅速な対応を目指す。,"【提案の背景】: 貴社の業務効率化と成果向上へ。
【提案するサービスの特徴】: 高品質なビデオと音声、安定した接続で円滑なコミュニケーションを実現。画面共有、録画、チャット、ブレイクアウトルームなど豊富な機能が効率的な会議を支援し、チームの生産性を向上させます。
【お客様へのメリット】: 高品質な会議でコミュニケーションが円滑になり、迅速な意思決定を支援。業務効率が大幅に向上し、データに基づいたマーケティング施策の立案と実行に集中でき、成果に直結します。"
84,gcrrv895p@oqlnf.org,佐野,亘,トレンドマイクロ,サービス,消費,35.68482,139.69904,東京都,渋谷区,代々木2-1-1 新宿マインズタワー,情報システム部,社内インフラエンジニア,次長,登録済,イベント情報,チャットボット概算費用,外部ビジネスカンファレンス,1,0.5171817223084806,1,【データ駆動型マーケター】顧客エンゲージメント最大化のため、データに基づいたマーケティング施策の立案と実行を担う。業務効率化と成果向上に日々尽力し、市場変化への迅速な対応を目指す。,"【提案の背景】: 貴社の業務効率化と成果向上へ。
【提案するサービスの特徴】: 高品質なビデオと音声、安定した接続で円滑なコミュニケーションを実現。画面共有、録画、チャット、ブレイクアウトルームなど豊富な機能が効率的な会議を支援し、チームの生産性を向上させます。
【お客様へのメリット】: 高品質な会議でコミュニケーションが円滑になり、迅速な意思決定を支援。業務効率が大幅に向上し、データに基づいたマーケティング施策の立案と実行に集中でき、成果に直結します。"
85,ddvzcyuj@awjy.info,中村,崇,住友重機械工業,機械,資本財・その他,35.61986,139.72898,東京都,品川区,大崎2-1-1 ThinkPark Tower,経営企画部,事業開発担当,課長,登録済,ニュースリリース,DLなし,チャットボット利活用,1,0.5358344250318497,1,【データ駆動型マーケター】顧客エンゲージメント最大化のため、データに基づいたマーケティング施策の立案と実行を担う。業務効率化と成果向上に日々尽力し、市場変化への迅速な対応を目指す。,"【提案の背景】: 貴社の業務効率化と成果向上へ。
【提案するサービスの特徴】: 高品質なビデオと音声、安定した接続で円滑なコミュニケーションを実現。画面共有、録画、チャット、ブレイクアウトルームなど豊富な機能が効率的な会議を支援し、チームの生産性を向上させます。
【お客様へのメリット】: 高品質な会議でコミュニケーションが円滑になり、迅速な意思決定を支援。業務効率が大幅に向上し、データに基づいたマーケティング施策の立案と実行に集中でき、成果に直結します。"
86,qmsczki@odul.info,菊地,義久,トレンドマイクロ,サービス,消費,35.68482,139.69904,東京都,渋谷区,代々木2-1-1 新宿マインズタワー,経営企画部,経営戦略担当,主任,登録解除,企業情報,チャットボット事例,年次カンファレンス,0,0.4064118472311177,0,【戦略的事業推進者】新技術の動向を見極め、中長期的な事業戦略を策定します。激変する市場環境下で新たな成長機会を探り、持続的な企業価値向上に貢献することを使命としています。グローバル競争と技術革新への適応が重要課題です。,"【提案の背景】: グローバル競争で効率的な協業を。
【提案するサービスの特徴】: 高品質なビデオ・音声会議を安定提供。画面共有、チャット、ホワイトボードなど豊富なコラボ機能が生産性を向上。堅牢なセキュリティとどこでも参加可能な柔軟性で、グローバル協業を強力に促進します。
【お客様へのメリット】: グローバルチームとの迅速な連携を強化し、意思決定を加速。移動コスト削減と生産性向上で、新たな成長機会を捉え、持続的な企業価値向上に貢献します。"
87,lxommod@hclofa.org,岩崎,啓二,トヨタ自動車,自動車,技術,35.08861,137.15306,愛知県,豊田市,トヨタ町1番地,総務部,総務担当,主任,登録解除,IR情報,DLなし,年次カンファレンス,1,0.5445342156955422,0,【戦略的事業推進者】新技術の動向を見極め、中長期的な事業戦略を策定します。激変する市場環境下で新たな成長機会を探り、持続的な企業価値向上に貢献することを使命としています。グローバル競争と技術革新への適応が重要課題です。,"【提案の背景】: グローバル競争で効率的な協業を。
【提案するサービスの特徴】: 高品質なビデオ・音声会議を安定提供。画面共有、チャット、ホワイトボードなど豊富なコラボ機能が生産性を向上。堅牢なセキュリティとどこでも参加可能な柔軟性で、グローバル協業を強力に促進します。
【お客様へのメリット】: グローバルチームとの迅速な連携を強化し、意思決定を加速。移動コスト削減と生産性向上で、新たな成長機会を捉え、持続的な企業価値向上に貢献します。"
88,aismizmu@awefta.org,村上,勝則,コムシスホールディングス,建設,資本財・その他,35.62688,139.72473,東京都,品川区,東五反田2-10-2 東五反田スクエア,経理部,管理会計担当,主任,未登録,ニュースリリース,DLなし,チャットボット利活用,0,0.4575791753894318,1,【データ駆動型マーケター】顧客エンゲージメント最大化のため、データに基づいたマーケティング施策の立案と実行を担う。業務効率化と成果向上に日々尽力し、市場変化への迅速な対応を目指す。,"【提案の背景】: 貴社の業務効率化と成果向上へ。
【提案するサービスの特徴】: 高品質なビデオと音声、安定した接続で円滑なコミュニケーションを実現。画面共有、録画、チャット、ブレイクアウトルームなど豊富な機能が効率的な会議を支援し、チームの生産性を向上させます。
【お客様へのメリット】: 高品質な会議でコミュニケーションが円滑になり、迅速な意思決定を支援。業務効率が大幅に向上し、データに基づいたマーケティング施策の立案と実行に集中でき、成果に直結します。"
89,eedxw191t@sicz.net,安藤,浩之,日本航空,空運,運輸・公共,35.62688,139.74558,東京都,品川区,東品川2-4-11,マーケティング部,データ分析担当,主任,登録済,企業情報,DLなし,チャットボット利活用,1,0.5382128863257002,1,【データ駆動型マーケター】顧客エンゲージメント最大化のため、データに基づいたマーケティング施策の立案と実行を担う。業務効率化と成果向上に日々尽力し、市場変化への迅速な対応を目指す。,"【提案の背景】: 貴社の業務効率化と成果向上へ。
【提案するサービスの特徴】: 高品質なビデオと音声、安定した接続で円滑なコミュニケーションを実現。画面共有、録画、チャット、ブレイクアウトルームなど豊富な機能が効率的な会議を支援し、チームの生産性を向上させます。
【お客様へのメリット】: 高品質な会議でコミュニケーションが円滑になり、迅速な意思決定を支援。業務効率が大幅に向上し、データに基づいたマーケティング施策の立案と実行に集中でき、成果に直結します。"
90,iurgxj@jymhzw.xyz,市川,啓一,東ソー,化学,素材,35.65251,139.74712,東京都,港区,芝3-8-2,営業部,営業担当,本部長,登録済,イベント情報,チャットボット紹介,チャットボット利活用,1,0.9995685976149463,1,【データ駆動型マーケター】顧客エンゲージメント最大化のため、データに基づいたマーケティング施策の立案と実行を担う。業務効率化と成果向上に日々尽力し、市場変化への迅速な対応を目指す。,"【提案の背景】: 貴社の業務効率化と成果向上へ。
【提案するサービスの特徴】: 高品質なビデオと音声、安定した接続で円滑なコミュニケーションを実現。画面共有、録画、チャット、ブレイクアウトルームなど豊富な機能が効率的な会議を支援し、チームの生産性を向上させます。
【お客様へのメリット】: 高品質な会議でコミュニケーションが円滑になり、迅速な意思決定を支援。業務効率が大幅に向上し、データに基づいたマーケティング施策の立案と実行に集中でき、成果に直結します。"
91,yzpro866s@izwn.xyz,佐々木,定夫,いすゞ自動車,自動車,技術,35.46333,139.6225,神奈川県,横浜市西区,高島1-2-5 横浜野村ビル,研究開発部,リサーチ担当,次長,登録済,イベント情報,DLなし,DXセミナー,1,0.5051129114790993,0,【戦略的事業推進者】新技術の動向を見極め、中長期的な事業戦略を策定します。激変する市場環境下で新たな成長機会を探り、持続的な企業価値向上に貢献することを使命としています。グローバル競争と技術革新への適応が重要課題です。,"【提案の背景】: グローバル競争で効率的な協業を。
【提案するサービスの特徴】: 高品質なビデオ・音声会議を安定提供。画面共有、チャット、ホワイトボードなど豊富なコラボ機能が生産性を向上。堅牢なセキュリティとどこでも参加可能な柔軟性で、グローバル協業を強力に促進します。
【お客様へのメリット】: グローバルチームとの迅速な連携を強化し、意思決定を加速。移動コスト削減と生産性向上で、新たな成長機会を捉え、持続的な企業価値向上に貢献します。"
92,actmj743t@wnwyy.info,清水,光治,富士フイルムホールディングス,化学,素材,35.66611,139.73033,東京都,港区,赤坂9-7-3 東京ミッドタウン,経理部,経理スタッフ,次長,登録解除,IR情報,DLなし,DXセミナー,1,0.5392299752747409,1,【データ駆動型マーケター】顧客エンゲージメント最大化のため、データに基づいたマーケティング施策の立案と実行を担う。業務効率化と成果向上に日々尽力し、市場変化への迅速な対応を目指す。,"【提案の背景】: 貴社の業務効率化と成果向上へ。
【提案するサービスの特徴】: 高品質なビデオと音声、安定した接続で円滑なコミュニケーションを実現。画面共有、録画、チャット、ブレイクアウトルームなど豊富な機能が効率的な会議を支援し、チームの生産性を向上させます。
【お客様へのメリット】: 高品質な会議でコミュニケーションが円滑になり、迅速な意思決定を支援。業務効率が大幅に向上し、データに基づいたマーケティング施策の立案と実行に集中でき、成果に直結します。"
93,rwfmaja@zuldq.org,石川,俊二,コニカミノルタ,精密機器,技術,35.68112,139.76686,東京都,千代田区,丸の内2-7-2 JPタワー,経営企画部,事業開発担当,部長,登録済,IR情報,チャットボット事例,チャットボット利活用,1,0.5822430896486529,0,【戦略的事業推進者】新技術の動向を見極め、中長期的な事業戦略を策定します。激変する市場環境下で新たな成長機会を探り、持続的な企業価値向上に貢献することを使命としています。グローバル競争と技術革新への適応が重要課題です。,"【提案の背景】: グローバル競争で効率的な協業を。
【提案するサービスの特徴】: 高品質なビデオ・音声会議を安定提供。画面共有、チャット、ホワイトボードなど豊富なコラボ機能が生産性を向上。堅牢なセキュリティとどこでも参加可能な柔軟性で、グローバル協業を強力に促進します。
【お客様へのメリット】: グローバルチームとの迅速な連携を強化し、意思決定を加速。移動コスト削減と生産性向上で、新たな成長機会を捉え、持続的な企業価値向上に貢献します。"
94,knaqa729@ewzcg.com,石田,勝弘,ソフトバンク,通信,技術,35.6644,139.76137,東京都,港区,汐留1-9-1,総務部,総務担当,主任,登録解除,イベント情報,チャットボット概算費用,チャットボット利活用,1,0.6381925264283695,0,【戦略的事業推進者】新技術の動向を見極め、中長期的な事業戦略を策定します。激変する市場環境下で新たな成長機会を探り、持続的な企業価値向上に貢献することを使命としています。グローバル競争と技術革新への適応が重要課題です。,"【提案の背景】: グローバル競争で効率的な協業を。
【提案するサービスの特徴】: 高品質なビデオ・音声会議を安定提供。画面共有、チャット、ホワイトボードなど豊富なコラボ機能が生産性を向上。堅牢なセキュリティとどこでも参加可能な柔軟性で、グローバル協業を強力に促進します。
【お客様へのメリット】: グローバルチームとの迅速な連携を強化し、意思決定を加速。移動コスト削減と生産性向上で、新たな成長機会を捉え、持続的な企業価値向上に貢献します。"
95,ipqfs338d@zlaksu.com,内田,常雄,住友商事,商社,素材,35.68962,139.76569,東京都,千代田区,大手町2-3-2 大手町プレイスイーストタワー,総務部,購買担当,部長,登録済,企業情報,チャットボット概算費用,年次カンファレンス,0,0.4888721342742018,0,【戦略的事業推進者】新技術の動向を見極め、中長期的な事業戦略を策定します。激変する市場環境下で新たな成長機会を探り、持続的な企業価値向上に貢献することを使命としています。グローバル競争と技術革新への適応が重要課題です。,"【提案の背景】: グローバル競争で効率的な協業を。
【提案するサービスの特徴】: 高品質なビデオ・音声会議を安定提供。画面共有、チャット、ホワイトボードなど豊富なコラボ機能が生産性を向上。堅牢なセキュリティとどこでも参加可能な柔軟性で、グローバル協業を強力に促進します。
【お客様へのメリット】: グローバルチームとの迅速な連携を強化し、意思決定を加速。移動コスト削減と生産性向上で、新たな成長機会を捉え、持続的な企業価値向上に貢献します。"
96,onggnc@jtds.com,中山,信子,高島屋,小売業,消費,34.6653,135.50021,大阪府,大阪市中央区,難波5-1-5,経営企画部,経営戦略担当,係長,登録済,IR情報,チャットボット紹介,外部ビジネスカンファレンス,1,0.54059963823882,0,【戦略的事業推進者】新技術の動向を見極め、中長期的な事業戦略を策定します。激変する市場環境下で新たな成長機会を探り、持続的な企業価値向上に貢献することを使命としています。グローバル競争と技術革新への適応が重要課題です。,"【提案の背景】: グローバル競争で効率的な協業を。
【提案するサービスの特徴】: 高品質なビデオ・音声会議を安定提供。画面共有、チャット、ホワイトボードなど豊富なコラボ機能が生産性を向上。堅牢なセキュリティとどこでも参加可能な柔軟性で、グローバル協業を強力に促進します。
【お客様へのメリット】: グローバルチームとの迅速な連携を強化し、意思決定を加速。移動コスト削減と生産性向上で、新たな成長機会を捉え、持続的な企業価値向上に貢献します。"
97,ekgka514u@imfesi.xyz,橋本,良三,コナミグループ,サービス,消費,35.67069,139.76342,東京都,中央区,銀座1-11-1,研究開発部,開発エンジニア,主任,登録解除,企業情報,チャットボット事例,チャットボット利活用,1,0.5494527965192917,1,【データ駆動型マーケター】顧客エンゲージメント最大化のため、データに基づいたマーケティング施策の立案と実行を担う。業務効率化と成果向上に日々尽力し、市場変化への迅速な対応を目指す。,"【提案の背景】: 貴社の業務効率化と成果向上へ。
【提案するサービスの特徴】: 高品質なビデオと音声、安定した接続で円滑なコミュニケーションを実現。画面共有、録画、チャット、ブレイクアウトルームなど豊富な機能が効率的な会議を支援し、チームの生産性を向上させます。
【お客様へのメリット】: 高品質な会議でコミュニケーションが円滑になり、迅速な意思決定を支援。業務効率が大幅に向上し、データに基づいたマーケティング施策の立案と実行に集中でき、成果に直結します。"
98,vfifirs@enthy.com,高木,敏之,太陽誘電,電気機器,技術,35.70932,139.77342,東京都,台東区,上野6-16-20,総務部,購買担当,係長,登録済,チャットボット製品機能説明,チャットボット紹介,外部ビジネスカンファレンス,1,0.6172455581510696,0,【戦略的事業推進者】新技術の動向を見極め、中長期的な事業戦略を策定します。激変する市場環境下で新たな成長機会を探り、持続的な企業価値向上に貢献することを使命としています。グローバル競争と技術革新への適応が重要課題です。,"【提案の背景】: グローバル競争で効率的な協業を。
【提案するサービスの特徴】: 高品質なビデオ・音声会議を安定提供。画面共有、チャット、ホワイトボードなど豊富なコラボ機能が生産性を向上。堅牢なセキュリティとどこでも参加可能な柔軟性で、グローバル協業を強力に促進します。
【お客様へのメリット】: グローバルチームとの迅速な連携を強化し、意思決定を加速。移動コスト削減と生産性向上で、新たな成長機会を捉え、持続的な企業価値向上に貢献します。"
99,rzotg629o@ouaqng.info,原田,善一,ＮＴＴデータグループ,通信,技術,35.6616,139.79093,東京都,江東区,豊洲3-3-3 豊洲センタービル,研究開発部,研究員,係長,登録済,IR情報,チャットボット紹介,年次カンファレンス,0,0.49114610728413305,0,【戦略的事業推進者】新技術の動向を見極め、中長期的な事業戦略を策定します。激変する市場環境下で新たな成長機会を探り、持続的な企業価値向上に貢献することを使命としています。グローバル競争と技術革新への適応が重要課題です。,"【提案の背景】: グローバル競争で効率的な協業を。
【提案するサービスの特徴】: 高品質なビデオ・音声会議を安定提供。画面共有、チャット、ホワイトボードなど豊富なコラボ機能が生産性を向上。堅牢なセキュリティとどこでも参加可能な柔軟性で、グローバル協業を強力に促進します。
【お客様へのメリット】: グローバルチームとの迅速な連携を強化し、意思決定を加速。移動コスト削減と生産性向上で、新たな成長機会を捉え、持続的な企業価値向上に貢献します。"
100,urydy261o@diigd.net,松尾,千秋,デンソー,電気機器,技術,34.98686,137.00947,愛知県,刈谷市,昭和町1-1,総務部,購買担当,部長,登録解除,ニュースリリース,チャットボット概算費用,チャットボット利活用,0,0.4740128314579783,0,【戦略的事業推進者】新技術の動向を見極め、中長期的な事業戦略を策定します。激変する市場環境下で新たな成長機会を探り、持続的な企業価値向上に貢献することを使命としています。グローバル競争と技術革新への適応が重要課題です。,"【提案の背景】: グローバル競争で効率的な協業を。
【提案するサービスの特徴】: 高品質なビデオ・音声会議を安定提供。画面共有、チャット、ホワイトボードなど豊富なコラボ機能が生産性を向上。堅牢なセキュリティとどこでも参加可能な柔軟性で、グローバル協業を強力に促進します。
【お客様へのメリット】: グローバルチームとの迅速な連携を強化し、意思決定を加速。移動コスト削減と生産性向上で、新たな成長機会を捉え、持続的な企業価値向上に貢献します。"
